make,model,year,trim,engine,drivetrain,transmission,body_style,region
Toyota,IST,2005,1.3F,1.3L 2NZ-FE,FWD,Automatic,Hatchback,JDM/TZ
Toyota,IST,2005,1.5G,1.5L 1NZ-FE,FWD,Automatic,Hatchback,JDM/TZ
Toyota,IST,2006,1.3F,1.3L 2NZ-FE,FWD,Automatic,Hatchback,JDM/TZ
Toyota,IST,2006,1.5G,1.5L 1NZ-FE,FWD,Automatic,Hatchback,JDM/TZ
Toyota,IST,2007,1.3F,1.3L 2NZ-FE,FWD,Automatic,Hatchback,JDM/TZ
Toyota,IST,2007,1.5G,1.5L 1NZ-FE,FWD,Automatic,Hatchback,JDM/TZ
Toyota,IST,2008,1.3F,1.3L 2NZ-FE,FWD,Automatic,Hatchback,JDM/TZ
Toyota,IST,2008,1.5G,1.5L 1NZ-FE,FWD,Automatic,Hatchback,JDM/TZ
Toyota,IST,2009,1.3F,1.3L 2NZ-FE,FWD,Automatic,Hatchback,JDM/TZ
Toyota,IST,2009,1.5G,1.5L 1NZ-FE,FWD,Automatic,Hatchback,JDM/TZ
Toyota,IST,2010,1.3F,1.3L 2NZ-FE,FWD,Automatic,Hatchback,JDM/TZ
Toyota,IST,2010,1.5G,1.5L 1NZ-FE,FWD,Automatic,Hatchback,JDM/TZ
Toyota,IST,2011,1.3F,1.3L 2NZ-FE,FWD,Automatic,Hatchback,JDM/TZ
Toyota,IST,2011,1.5G,1.5L 1NZ-FE,FWD,Automatic,Hatchback,JDM/TZ
Toyota,IST,2012,1.3F,1.3L 2NZ-FE,FWD,Automatic,Hatchback,JDM/TZ
Toyota,IST,2012,1.5G,1.5L 1NZ-FE,FWD,Automatic,Hatchback,JDM/TZ
Toyota,IST,2013,1.3F,1.3L 2NZ-FE,FWD,Automatic,Hatchback,JDM/TZ
Toyota,IST,2013,1.5G,1.5L 1NZ-FE,FWD,Automatic,Hatchback,JDM/TZ
Toyota,IST,2014,1.3F,1.3L 2NZ-FE,FWD,Automatic,Hatchback,JDM/TZ
Toyota,IST,2014,1.5G,1.5L 1NZ-FE,FWD,Automatic,Hatchback,JDM/TZ
Toyota,IST,2015,1.3F,1.3L 2NZ-FE,FWD,Automatic,Hatchback,JDM/TZ
Toyota,IST,2015,1.5G,1.5L 1NZ-FE,FWD,Automatic,Hatchback,JDM/TZ
Toyota,IST,2016,1.3F,1.3L 2NZ-FE,FWD,Automatic,Hatchback,JDM/TZ
Toyota,IST,2016,1.5G,1.5L 1NZ-FE,FWD,Automatic,Hatchback,JDM/TZ
Toyota,Vitz,2005,F,1.0L 1KR-FE,FWD,Automatic,Hatchback,JDM/TZ
Toyota,Vitz,2005,U,1.3L 1NR-FE,FWD,Automatic,Hatchback,JDM/TZ
Toyota,Vitz,2005,RS,1.5L 1NZ-FE,FWD,Automatic,Hatchback,JDM/TZ
Toyota,Vitz,2006,F,1.0L 1KR-FE,FWD,Automatic,Hatchback,JDM/TZ
Toyota,Vitz,2006,U,1.3L 1NR-FE,FWD,Automatic,Hatchback,JDM/TZ
Toyota,Vitz,2006,RS,1.5L 1NZ-FE,FWD,Automatic,Hatchback,JDM/TZ
Toyota,Vitz,2007,F,1.0L 1KR-FE,FWD,Automatic,Hatchback,JDM/TZ
Toyota,Vitz,2007,U,1.3L 1NR-FE,FWD,Automatic,Hatchback,JDM/TZ
Toyota,Vitz,2007,RS,1.5L 1NZ-FE,FWD,Automatic,Hatchback,JDM/TZ
Toyota,Vitz,2008,F,1.0L 1KR-FE,FWD,Automatic,Hatchback,JDM/TZ
Toyota,Vitz,2008,U,1.3L 1NR-FE,FWD,Automatic,Hatchback,JDM/TZ
Toyota,Vitz,2008,RS,1.5L 1NZ-FE,FWD,Automatic,Hatchback,JDM/TZ
Toyota,Vitz,2009,F,1.0L 1KR-FE,FWD,Automatic,Hatchback,JDM/TZ
Toyota,Vitz,2009,U,1.3L 1NR-FE,FWD,Automatic,Hatchback,JDM/TZ
Toyota,Vitz,2009,RS,1.5L 1NZ-FE,FWD,Automatic,Hatchback,JDM/TZ
Toyota,Vitz,2010,F,1.0L 1KR-FE,FWD,Automatic,Hatchback,JDM/TZ
Toyota,Vitz,2010,U,1.3L 1NR-FE,FWD,Automatic,Hatchback,JDM/TZ
Toyota,Vitz,2010,RS,1.5L 1NZ-FE,FWD,Automatic,Hatchback,JDM/TZ
Toyota,Vitz,2011,F,1.0L 1KR-FE,FWD,Automatic,Hatchback,JDM/TZ
Toyota,Vitz,2011,U,1.3L 1NR-FE,FWD,Automatic,Hatchback,JDM/TZ
Toyota,Vitz,2011,RS,1.5L 1NZ-FE,FWD,Automatic,Hatchback,JDM/TZ
Toyota,Vitz,2012,F,1.0L 1KR-FE,FWD,Automatic,Hatchback,JDM/TZ
Toyota,Vitz,2012,U,1.3L 1NR-FE,FWD,Automatic,Hatchback,JDM/TZ
Toyota,Vitz,2012,RS,1.5L 1NZ-FE,FWD,Automatic,Hatchback,JDM/TZ
Toyota,Vitz,2013,F,1.0L 1KR-FE,FWD,Automatic,Hatchback,JDM/TZ
Toyota,Vitz,2013,U,1.3L 1NR-FE,FWD,Automatic,Hatchback,JDM/TZ
Toyota,Vitz,2013,RS,1.5L 1NZ-FE,FWD,Automatic,Hatchback,JDM/TZ
Toyota,Vitz,2014,F,1.0L 1KR-FE,FWD,Automatic,Hatchback,JDM/TZ
Toyota,Vitz,2014,U,1.3L 1NR-FE,FWD,Automatic,Hatchback,JDM/TZ
Toyota,Vitz,2014,RS,1.5L 1NZ-FE,FWD,Automatic,Hatchback,JDM/TZ
Toyota,Vitz,2015,F,1.0L 1KR-FE,FWD,Automatic,Hatchback,JDM/TZ
Toyota,Vitz,2015,U,1.3L 1NR-FE,FWD,Automatic,Hatchback,JDM/TZ
Toyota,Vitz,2015,RS,1.5L 1NZ-FE,FWD,Automatic,Hatchback,JDM/TZ
Toyota,Vitz,2016,F,1.0L 1KR-FE,FWD,Automatic,Hatchback,JDM/TZ
Toyota,Vitz,2016,U,1.3L 1NR-FE,FWD,Automatic,Hatchback,JDM/TZ
Toyota,Vitz,2016,RS,1.5L 1NZ-FE,FWD,Automatic,Hatchback,JDM/TZ
Toyota,Vitz,2017,F,1.0L 1KR-FE,FWD,Automatic,Hatchback,JDM/TZ
Toyota,Vitz,2017,U,1.3L 1NR-FE,FWD,Automatic,Hatchback,JDM/TZ
Toyota,Vitz,2017,RS,1.5L 1NZ-FE,FWD,Automatic,Hatchback,JDM/TZ
Toyota,Vitz,2018,F,1.0L 1KR-FE,FWD,Automatic,Hatchback,JDM/TZ
Toyota,Vitz,2018,U,1.3L 1NR-FE,FWD,Automatic,Hatchback,JDM/TZ
Toyota,Vitz,2018,RS,1.5L 1NZ-FE,FWD,Automatic,Hatchback,JDM/TZ
Toyota,Vitz,2019,F,1.0L 1KR-FE,FWD,Automatic,Hatchback,JDM/TZ
Toyota,Vitz,2019,U,1.3L 1NR-FE,FWD,Automatic,Hatchback,JDM/TZ
Toyota,Vitz,2019,RS,1.5L 1NZ-FE,FWD,Automatic,Hatchback,JDM/TZ
Toyota,Vitz,2020,F,1.0L 1KR-FE,FWD,Automatic,Hatchback,JDM/TZ
Toyota,Vitz,2020,U,1.3L 1NR-FE,FWD,Automatic,Hatchback,JDM/TZ
Toyota,Vitz,2020,RS,1.5L 1NZ-FE,FWD,Automatic,Hatchback,JDM/TZ
Toyota,Crown,2005,Athlete,2.5L 4GR-FSE V6,RWD,Automatic,Sedan,JDM/TZ
Toyota,Crown,2005,Royal Saloon,2.5L V6,RWD,Automatic,Sedan,JDM/TZ
Toyota,Crown,2005,Majesta,4.6L 1UR-FSE V8,RWD,Automatic,Sedan,JDM/TZ
Toyota,Crown,2006,Athlete,2.5L 4GR-FSE V6,RWD,Automatic,Sedan,JDM/TZ
Toyota,Crown,2006,Royal Saloon,2.5L V6,RWD,Automatic,Sedan,JDM/TZ
Toyota,Crown,2006,Majesta,4.6L 1UR-FSE V8,RWD,Automatic,Sedan,JDM/TZ
Toyota,Crown,2007,Athlete,2.5L 4GR-FSE V6,RWD,Automatic,Sedan,JDM/TZ
Toyota,Crown,2007,Royal Saloon,2.5L V6,RWD,Automatic,Sedan,JDM/TZ
Toyota,Crown,2007,Majesta,4.6L 1UR-FSE V8,RWD,Automatic,Sedan,JDM/TZ
Toyota,Crown,2008,Athlete,2.5L 4GR-FSE V6,RWD,Automatic,Sedan,JDM/TZ
Toyota,Crown,2008,Royal Saloon,2.5L V6,RWD,Automatic,Sedan,JDM/TZ
Toyota,Crown,2008,Majesta,4.6L 1UR-FSE V8,RWD,Automatic,Sedan,JDM/TZ
Toyota,Crown,2009,Athlete,2.5L 4GR-FSE V6,RWD,Automatic,Sedan,JDM/TZ
Toyota,Crown,2009,Royal Saloon,2.5L V6,RWD,Automatic,Sedan,JDM/TZ
Toyota,Crown,2009,Majesta,4.6L 1UR-FSE V8,RWD,Automatic,Sedan,JDM/TZ
Toyota,Crown,2010,Athlete,2.5L 4GR-FSE V6,RWD,Automatic,Sedan,JDM/TZ
Toyota,Crown,2010,Royal Saloon,2.5L V6,RWD,Automatic,Sedan,JDM/TZ
Toyota,Crown,2010,Majesta,4.6L 1UR-FSE V8,RWD,Automatic,Sedan,JDM/TZ
Toyota,Crown,2011,Athlete,2.5L 4GR-FSE V6,RWD,Automatic,Sedan,JDM/TZ
Toyota,Crown,2011,Royal Saloon,2.5L V6,RWD,Automatic,Sedan,JDM/TZ
Toyota,Crown,2011,Majesta,4.6L 1UR-FSE V8,RWD,Automatic,Sedan,JDM/TZ
Toyota,Crown,2012,Athlete,2.5L 4GR-FSE V6,RWD,Automatic,Sedan,JDM/TZ
Toyota,Crown,2012,Royal Saloon,2.5L V6,RWD,Automatic,Sedan,JDM/TZ
Toyota,Crown,2012,Majesta,4.6L 1UR-FSE V8,RWD,Automatic,Sedan,JDM/TZ
Toyota,Crown,2013,Athlete,2.5L 4GR-FSE V6,RWD,Automatic,Sedan,JDM/TZ
Toyota,Crown,2013,Royal Saloon,2.5L V6,RWD,Automatic,Sedan,JDM/TZ
Toyota,Crown,2013,Majesta,4.6L 1UR-FSE V8,RWD,Automatic,Sedan,JDM/TZ
Toyota,Crown,2014,Athlete,2.5L 4GR-FSE V6,RWD,Automatic,Sedan,JDM/TZ
Toyota,Crown,2014,Royal Saloon,2.5L V6,RWD,Automatic,Sedan,JDM/TZ
Toyota,Crown,2014,Majesta,4.6L 1UR-FSE V8,RWD,Automatic,Sedan,JDM/TZ
Toyota,Crown,2015,Athlete,2.5L 4GR-FSE V6,RWD,Automatic,Sedan,JDM/TZ
Toyota,Crown,2015,Royal Saloon,2.5L V6,RWD,Automatic,Sedan,JDM/TZ
Toyota,Crown,2015,Majesta,4.6L 1UR-FSE V8,RWD,Automatic,Sedan,JDM/TZ
Toyota,Crown,2016,Athlete,2.5L 4GR-FSE V6,RWD,Automatic,Sedan,JDM/TZ
Toyota,Crown,2016,Royal Saloon,2.5L V6,RWD,Automatic,Sedan,JDM/TZ
Toyota,Crown,2016,Majesta,4.6L 1UR-FSE V8,RWD,Automatic,Sedan,JDM/TZ
Toyota,Crown,2017,Athlete,2.5L 4GR-FSE V6,RWD,Automatic,Sedan,JDM/TZ
Toyota,Crown,2017,Royal Saloon,2.5L V6,RWD,Automatic,Sedan,JDM/TZ
Toyota,Crown,2017,Majesta,4.6L 1UR-FSE V8,RWD,Automatic,Sedan,JDM/TZ
Toyota,Crown,2018,Athlete,2.5L 4GR-FSE V6,RWD,Automatic,Sedan,JDM/TZ
Toyota,Crown,2018,Royal Saloon,2.5L V6,RWD,Automatic,Sedan,JDM/TZ
Toyota,Crown,2018,Majesta,4.6L 1UR-FSE V8,RWD,Automatic,Sedan,JDM/TZ
Toyota,Crown,2019,Athlete,2.5L 4GR-FSE V6,RWD,Automatic,Sedan,JDM/TZ
Toyota,Crown,2019,Royal Saloon,2.5L V6,RWD,Automatic,Sedan,JDM/TZ
Toyota,Crown,2019,Majesta,4.6L 1UR-FSE V8,RWD,Automatic,Sedan,JDM/TZ
Toyota,Crown,2020,Athlete,2.5L 4GR-FSE V6,RWD,Automatic,Sedan,JDM/TZ
Toyota,Crown,2020,Royal Saloon,2.5L V6,RWD,Automatic,Sedan,JDM/TZ
Toyota,Crown,2020,Majesta,4.6L 1UR-FSE V8,RWD,Automatic,Sedan,JDM/TZ
Toyota,Crown,2021,Athlete,2.5L 4GR-FSE V6,RWD,Automatic,Sedan,JDM/TZ
Toyota,Crown,2021,Royal Saloon,2.5L V6,RWD,Automatic,Sedan,JDM/TZ
Toyota,Crown,2021,Majesta,4.6L 1UR-FSE V8,RWD,Automatic,Sedan,JDM/TZ
Toyota,Crown,2022,Athlete,2.5L 4GR-FSE V6,RWD,Automatic,Sedan,JDM/TZ
Toyota,Crown,2022,Royal Saloon,2.5L V6,RWD,Automatic,Sedan,JDM/TZ
Toyota,Crown,2022,Majesta,4.6L 1UR-FSE V8,RWD,Automatic,Sedan,JDM/TZ
Toyota,Harrier,2005,240G,2.4L 2AZ-FE,FWD,Automatic,SUV,JDM/TZ
Toyota,Harrier,2005,350G,3.5L 2GR-FE V6,FWD,Automatic,SUV,JDM/TZ
Toyota,Harrier,2005,Premium,2.0L 3ZR-FAE,FWD,Automatic,SUV,JDM/TZ
Toyota,Harrier,2005,Hybrid,2.5L 2AR-FXE,FWD,Automatic,SUV,JDM/TZ
Toyota,Harrier,2006,240G,2.4L 2AZ-FE,FWD,Automatic,SUV,JDM/TZ
Toyota,Harrier,2006,350G,3.5L 2GR-FE V6,FWD,Automatic,SUV,JDM/TZ
Toyota,Harrier,2006,Premium,2.0L 3ZR-FAE,FWD,Automatic,SUV,JDM/TZ
Toyota,Harrier,2006,Hybrid,2.5L 2AR-FXE,FWD,Automatic,SUV,JDM/TZ
Toyota,Harrier,2007,240G,2.4L 2AZ-FE,FWD,Automatic,SUV,JDM/TZ
Toyota,Harrier,2007,350G,3.5L 2GR-FE V6,FWD,Automatic,SUV,JDM/TZ
Toyota,Harrier,2007,Premium,2.0L 3ZR-FAE,FWD,Automatic,SUV,JDM/TZ
Toyota,Harrier,2007,Hybrid,2.5L 2AR-FXE,FWD,Automatic,SUV,JDM/TZ
Toyota,Harrier,2008,240G,2.4L 2AZ-FE,FWD,Automatic,SUV,JDM/TZ
Toyota,Harrier,2008,350G,3.5L 2GR-FE V6,FWD,Automatic,SUV,JDM/TZ
Toyota,Harrier,2008,Premium,2.0L 3ZR-FAE,FWD,Automatic,SUV,JDM/TZ
Toyota,Harrier,2008,Hybrid,2.5L 2AR-FXE,FWD,Automatic,SUV,JDM/TZ
Toyota,Harrier,2009,240G,2.4L 2AZ-FE,FWD,Automatic,SUV,JDM/TZ
Toyota,Harrier,2009,350G,3.5L 2GR-FE V6,FWD,Automatic,SUV,JDM/TZ
Toyota,Harrier,2009,Premium,2.0L 3ZR-FAE,FWD,Automatic,SUV,JDM/TZ
Toyota,Harrier,2009,Hybrid,2.5L 2AR-FXE,FWD,Automatic,SUV,JDM/TZ
Toyota,Harrier,2010,240G,2.4L 2AZ-FE,FWD,Automatic,SUV,JDM/TZ
Toyota,Harrier,2010,350G,3.5L 2GR-FE V6,FWD,Automatic,SUV,JDM/TZ
Toyota,Harrier,2010,Premium,2.0L 3ZR-FAE,FWD,Automatic,SUV,JDM/TZ
Toyota,Harrier,2010,Hybrid,2.5L 2AR-FXE,FWD,Automatic,SUV,JDM/TZ
Toyota,Harrier,2011,240G,2.4L 2AZ-FE,FWD,Automatic,SUV,JDM/TZ
Toyota,Harrier,2011,350G,3.5L 2GR-FE V6,FWD,Automatic,SUV,JDM/TZ
Toyota,Harrier,2011,Premium,2.0L 3ZR-FAE,FWD,Automatic,SUV,JDM/TZ
Toyota,Harrier,2011,Hybrid,2.5L 2AR-FXE,FWD,Automatic,SUV,JDM/TZ
Toyota,Harrier,2012,240G,2.4L 2AZ-FE,FWD,Automatic,SUV,JDM/TZ
Toyota,Harrier,2012,350G,3.5L 2GR-FE V6,FWD,Automatic,SUV,JDM/TZ
Toyota,Harrier,2012,Premium,2.0L 3ZR-FAE,FWD,Automatic,SUV,JDM/TZ
Toyota,Harrier,2012,Hybrid,2.5L 2AR-FXE,FWD,Automatic,SUV,JDM/TZ
Toyota,Harrier,2013,240G,2.4L 2AZ-FE,FWD,Automatic,SUV,JDM/TZ
Toyota,Harrier,2013,350G,3.5L 2GR-FE V6,FWD,Automatic,SUV,JDM/TZ
Toyota,Harrier,2013,Premium,2.0L 3ZR-FAE,FWD,Automatic,SUV,JDM/TZ
Toyota,Harrier,2013,Hybrid,2.5L 2AR-FXE,FWD,Automatic,SUV,JDM/TZ
Toyota,Harrier,2014,240G,2.4L 2AZ-FE,FWD,Automatic,SUV,JDM/TZ
Toyota,Harrier,2014,350G,3.5L 2GR-FE V6,FWD,Automatic,SUV,JDM/TZ
Toyota,Harrier,2014,Premium,2.0L 3ZR-FAE,FWD,Automatic,SUV,JDM/TZ
Toyota,Harrier,2014,Hybrid,2.5L 2AR-FXE,FWD,Automatic,SUV,JDM/TZ
Toyota,Harrier,2015,240G,2.4L 2AZ-FE,FWD,Automatic,SUV,JDM/TZ
Toyota,Harrier,2015,350G,3.5L 2GR-FE V6,FWD,Automatic,SUV,JDM/TZ
Toyota,Harrier,2015,Premium,2.0L 3ZR-FAE,FWD,Automatic,SUV,JDM/TZ
Toyota,Harrier,2015,Hybrid,2.5L 2AR-FXE,FWD,Automatic,SUV,JDM/TZ
Toyota,Harrier,2016,240G,2.4L 2AZ-FE,FWD,Automatic,SUV,JDM/TZ
Toyota,Harrier,2016,350G,3.5L 2GR-FE V6,FWD,Automatic,SUV,JDM/TZ
Toyota,Harrier,2016,Premium,2.0L 3ZR-FAE,FWD,Automatic,SUV,JDM/TZ
Toyota,Harrier,2016,Hybrid,2.5L 2AR-FXE,FWD,Automatic,SUV,JDM/TZ
Toyota,Harrier,2017,240G,2.4L 2AZ-FE,FWD,Automatic,SUV,JDM/TZ
Toyota,Harrier,2017,350G,3.5L 2GR-FE V6,FWD,Automatic,SUV,JDM/TZ
Toyota,Harrier,2017,Premium,2.0L 3ZR-FAE,FWD,Automatic,SUV,JDM/TZ
Toyota,Harrier,2017,Hybrid,2.5L 2AR-FXE,FWD,Automatic,SUV,JDM/TZ
Toyota,Harrier,2018,240G,2.4L 2AZ-FE,FWD,Automatic,SUV,JDM/TZ
Toyota,Harrier,2018,350G,3.5L 2GR-FE V6,FWD,Automatic,SUV,JDM/TZ
Toyota,Harrier,2018,Premium,2.0L 3ZR-FAE,FWD,Automatic,SUV,JDM/TZ
Toyota,Harrier,2018,Hybrid,2.5L 2AR-FXE,FWD,Automatic,SUV,JDM/TZ
Toyota,Harrier,2019,240G,2.4L 2AZ-FE,FWD,Automatic,SUV,JDM/TZ
Toyota,Harrier,2019,350G,3.5L 2GR-FE V6,FWD,Automatic,SUV,JDM/TZ
Toyota,Harrier,2019,Premium,2.0L 3ZR-FAE,FWD,Automatic,SUV,JDM/TZ
Toyota,Harrier,2019,Hybrid,2.5L 2AR-FXE,FWD,Automatic,SUV,JDM/TZ
Toyota,Harrier,2020,240G,2.4L 2AZ-FE,FWD,Automatic,SUV,JDM/TZ
Toyota,Harrier,2020,350G,3.5L 2GR-FE V6,FWD,Automatic,SUV,JDM/TZ
Toyota,Harrier,2020,Premium,2.0L 3ZR-FAE,FWD,Automatic,SUV,JDM/TZ
Toyota,Harrier,2020,Hybrid,2.5L 2AR-FXE,FWD,Automatic,SUV,JDM/TZ
Toyota,Harrier,2021,240G,2.4L 2AZ-FE,FWD,Automatic,SUV,JDM/TZ
Toyota,Harrier,2021,350G,3.5L 2GR-FE V6,FWD,Automatic,SUV,JDM/TZ
Toyota,Harrier,2021,Premium,2.0L 3ZR-FAE,FWD,Automatic,SUV,JDM/TZ
Toyota,Harrier,2021,Hybrid,2.5L 2AR-FXE,FWD,Automatic,SUV,JDM/TZ
Toyota,Harrier,2022,240G,2.4L 2AZ-FE,FWD,Automatic,SUV,JDM/TZ
Toyota,Harrier,2022,350G,3.5L 2GR-FE V6,FWD,Automatic,SUV,JDM/TZ
Toyota,Harrier,2022,Premium,2.0L 3ZR-FAE,FWD,Automatic,SUV,JDM/TZ
Toyota,Harrier,2022,Hybrid,2.5L 2AR-FXE,FWD,Automatic,SUV,JDM/TZ
Toyota,Land Cruiser Prado,2005,TX,2.7L 2TR-FE,4WD,Automatic,SUV,JDM/TZ
Toyota,Land Cruiser Prado,2005,TXL,2.7L 2TR-FE,4WD,Automatic,SUV,JDM/TZ
Toyota,Land Cruiser Prado,2005,TZ,4.0L 1GR-FE V6,4WD,Automatic,SUV,JDM/TZ
Toyota,Land Cruiser Prado,2005,TX Diesel,3.0L 1KD-FTV,4WD,Automatic,SUV,JDM/TZ
Toyota,Land Cruiser Prado,2006,TX,2.7L 2TR-FE,4WD,Automatic,SUV,JDM/TZ
Toyota,Land Cruiser Prado,2006,TXL,2.7L 2TR-FE,4WD,Automatic,SUV,JDM/TZ
Toyota,Land Cruiser Prado,2006,TZ,4.0L 1GR-FE V6,4WD,Automatic,SUV,JDM/TZ
Toyota,Land Cruiser Prado,2006,TX Diesel,3.0L 1KD-FTV,4WD,Automatic,SUV,JDM/TZ
Toyota,Land Cruiser Prado,2007,TX,2.7L 2TR-FE,4WD,Automatic,SUV,JDM/TZ
Toyota,Land Cruiser Prado,2007,TXL,2.7L 2TR-FE,4WD,Automatic,SUV,JDM/TZ
Toyota,Land Cruiser Prado,2007,TZ,4.0L 1GR-FE V6,4WD,Automatic,SUV,JDM/TZ
Toyota,Land Cruiser Prado,2007,TX Diesel,3.0L 1KD-FTV,4WD,Automatic,SUV,JDM/TZ
Toyota,Land Cruiser Prado,2008,TX,2.7L 2TR-FE,4WD,Automatic,SUV,JDM/TZ
Toyota,Land Cruiser Prado,2008,TXL,2.7L 2TR-FE,4WD,Automatic,SUV,JDM/TZ
Toyota,Land Cruiser Prado,2008,TZ,4.0L 1GR-FE V6,4WD,Automatic,SUV,JDM/TZ
Toyota,Land Cruiser Prado,2008,TX Diesel,3.0L 1KD-FTV,4WD,Automatic,SUV,JDM/TZ
Toyota,Land Cruiser Prado,2009,TX,2.7L 2TR-FE,4WD,Automatic,SUV,JDM/TZ
Toyota,Land Cruiser Prado,2009,TXL,2.7L 2TR-FE,4WD,Automatic,SUV,JDM/TZ
Toyota,Land Cruiser Prado,2009,TZ,4.0L 1GR-FE V6,4WD,Automatic,SUV,JDM/TZ
Toyota,Land Cruiser Prado,2009,TX Diesel,3.0L 1KD-FTV,4WD,Automatic,SUV,JDM/TZ
Toyota,Land Cruiser Prado,2010,TX,2.7L 2TR-FE,4WD,Automatic,SUV,JDM/TZ
Toyota,Land Cruiser Prado,2010,TXL,2.7L 2TR-FE,4WD,Automatic,SUV,JDM/TZ
Toyota,Land Cruiser Prado,2010,TZ,4.0L 1GR-FE V6,4WD,Automatic,SUV,JDM/TZ
Toyota,Land Cruiser Prado,2010,TX Diesel,3.0L 1KD-FTV,4WD,Automatic,SUV,JDM/TZ
Toyota,Land Cruiser Prado,2011,TX,2.7L 2TR-FE,4WD,Automatic,SUV,JDM/TZ
Toyota,Land Cruiser Prado,2011,TXL,2.7L 2TR-FE,4WD,Automatic,SUV,JDM/TZ
Toyota,Land Cruiser Prado,2011,TZ,4.0L 1GR-FE V6,4WD,Automatic,SUV,JDM/TZ
Toyota,Land Cruiser Prado,2011,TX Diesel,3.0L 1KD-FTV,4WD,Automatic,SUV,JDM/TZ
Toyota,Land Cruiser Prado,2012,TX,2.7L 2TR-FE,4WD,Automatic,SUV,JDM/TZ
Toyota,Land Cruiser Prado,2012,TXL,2.7L 2TR-FE,4WD,Automatic,SUV,JDM/TZ
Toyota,Land Cruiser Prado,2012,TZ,4.0L 1GR-FE V6,4WD,Automatic,SUV,JDM/TZ
Toyota,Land Cruiser Prado,2012,TX Diesel,3.0L 1KD-FTV,4WD,Automatic,SUV,JDM/TZ
Toyota,Land Cruiser Prado,2013,TX,2.7L 2TR-FE,4WD,Automatic,SUV,JDM/TZ
Toyota,Land Cruiser Prado,2013,TXL,2.7L 2TR-FE,4WD,Automatic,SUV,JDM/TZ
Toyota,Land Cruiser Prado,2013,TZ,4.0L 1GR-FE V6,4WD,Automatic,SUV,JDM/TZ
Toyota,Land Cruiser Prado,2013,TX Diesel,3.0L 1KD-FTV,4WD,Automatic,SUV,JDM/TZ
Toyota,Land Cruiser Prado,2014,TX,2.7L 2TR-FE,4WD,Automatic,SUV,JDM/TZ
Toyota,Land Cruiser Prado,2014,TXL,2.7L 2TR-FE,4WD,Automatic,SUV,JDM/TZ
Toyota,Land Cruiser Prado,2014,TZ,4.0L 1GR-FE V6,4WD,Automatic,SUV,JDM/TZ
Toyota,Land Cruiser Prado,2014,TX Diesel,3.0L 1KD-FTV,4WD,Automatic,SUV,JDM/TZ
Toyota,Land Cruiser Prado,2015,TX,2.7L 2TR-FE,4WD,Automatic,SUV,JDM/TZ
Toyota,Land Cruiser Prado,2015,TXL,2.7L 2TR-FE,4WD,Automatic,SUV,JDM/TZ
Toyota,Land Cruiser Prado,2015,TZ,4.0L 1GR-FE V6,4WD,Automatic,SUV,JDM/TZ
Toyota,Land Cruiser Prado,2015,TX Diesel,3.0L 1KD-FTV,4WD,Automatic,SUV,JDM/TZ
Toyota,Land Cruiser Prado,2016,TX,2.7L 2TR-FE,4WD,Automatic,SUV,JDM/TZ
Toyota,Land Cruiser Prado,2016,TXL,2.7L 2TR-FE,4WD,Automatic,SUV,JDM/TZ
Toyota,Land Cruiser Prado,2016,TZ,4.0L 1GR-FE V6,4WD,Automatic,SUV,JDM/TZ
Toyota,Land Cruiser Prado,2016,TX Diesel,3.0L 1KD-FTV,4WD,Automatic,SUV,JDM/TZ
Toyota,Land Cruiser Prado,2017,TX,2.7L 2TR-FE,4WD,Automatic,SUV,JDM/TZ
Toyota,Land Cruiser Prado,2017,TXL,2.7L 2TR-FE,4WD,Automatic,SUV,JDM/TZ
Toyota,Land Cruiser Prado,2017,TZ,4.0L 1GR-FE V6,4WD,Automatic,SUV,JDM/TZ
Toyota,Land Cruiser Prado,2017,TX Diesel,3.0L 1KD-FTV,4WD,Automatic,SUV,JDM/TZ
Toyota,Land Cruiser Prado,2018,TX,2.7L 2TR-FE,4WD,Automatic,SUV,JDM/TZ
Toyota,Land Cruiser Prado,2018,TXL,2.7L 2TR-FE,4WD,Automatic,SUV,JDM/TZ
Toyota,Land Cruiser Prado,2018,TZ,4.0L 1GR-FE V6,4WD,Automatic,SUV,JDM/TZ
Toyota,Land Cruiser Prado,2018,TX Diesel,3.0L 1KD-FTV,4WD,Automatic,SUV,JDM/TZ
Toyota,Land Cruiser Prado,2019,TX,2.7L 2TR-FE,4WD,Automatic,SUV,JDM/TZ
Toyota,Land Cruiser Prado,2019,TXL,2.7L 2TR-FE,4WD,Automatic,SUV,JDM/TZ
Toyota,Land Cruiser Prado,2019,TZ,4.0L 1GR-FE V6,4WD,Automatic,SUV,JDM/TZ
Toyota,Land Cruiser Prado,2019,TX Diesel,3.0L 1KD-FTV,4WD,Automatic,SUV,JDM/TZ
Toyota,Land Cruiser Prado,2020,TX,2.7L 2TR-FE,4WD,Automatic,SUV,JDM/TZ
Toyota,Land Cruiser Prado,2020,TXL,2.7L 2TR-FE,4WD,Automatic,SUV,JDM/TZ
Toyota,Land Cruiser Prado,2020,TZ,4.0L 1GR-FE V6,4WD,Automatic,SUV,JDM/TZ
Toyota,Land Cruiser Prado,2020,TX Diesel,3.0L 1KD-FTV,4WD,Automatic,SUV,JDM/TZ
Toyota,Land Cruiser Prado,2021,TX,2.7L 2TR-FE,4WD,Automatic,SUV,JDM/TZ
Toyota,Land Cruiser Prado,2021,TXL,2.7L 2TR-FE,4WD,Automatic,SUV,JDM/TZ
Toyota,Land Cruiser Prado,2021,TZ,4.0L 1GR-FE V6,4WD,Automatic,SUV,JDM/TZ
Toyota,Land Cruiser Prado,2021,TX Diesel,3.0L 1KD-FTV,4WD,Automatic,SUV,JDM/TZ
Toyota,Land Cruiser Prado,2022,TX,2.7L 2TR-FE,4WD,Automatic,SUV,JDM/TZ
Toyota,Land Cruiser Prado,2022,TXL,2.7L 2TR-FE,4WD,Automatic,SUV,JDM/TZ
Toyota,Land Cruiser Prado,2022,TZ,4.0L 1GR-FE V6,4WD,Automatic,SUV,JDM/TZ
Toyota,Land Cruiser Prado,2022,TX Diesel,3.0L 1KD-FTV,4WD,Automatic,SUV,JDM/TZ
Toyota,Land Cruiser Prado,2023,TX,2.7L 2TR-FE,4WD,Automatic,SUV,JDM/TZ
Toyota,Land Cruiser Prado,2023,TXL,2.7L 2TR-FE,4WD,Automatic,SUV,JDM/TZ
Toyota,Land Cruiser Prado,2023,TZ,4.0L 1GR-FE V6,4WD,Automatic,SUV,JDM/TZ
Toyota,Land Cruiser Prado,2023,TX Diesel,3.0L 1KD-FTV,4WD,Automatic,SUV,JDM/TZ
Toyota,Land Cruiser V8,2008,AX,4.6L 1UR-FE V8,4WD,Automatic,SUV,JDM/TZ
Toyota,Land Cruiser V8,2008,ZX,4.6L V8,4WD,Automatic,SUV,JDM/TZ
Toyota,Land Cruiser V8,2008,GX Diesel,4.5L 1VD-FTV V8,4WD,Automatic,SUV,JDM/TZ
Toyota,Land Cruiser V8,2009,AX,4.6L 1UR-FE V8,4WD,Automatic,SUV,JDM/TZ
Toyota,Land Cruiser V8,2009,ZX,4.6L V8,4WD,Automatic,SUV,JDM/TZ
Toyota,Land Cruiser V8,2009,GX Diesel,4.5L 1VD-FTV V8,4WD,Automatic,SUV,JDM/TZ
Toyota,Land Cruiser V8,2010,AX,4.6L 1UR-FE V8,4WD,Automatic,SUV,JDM/TZ
Toyota,Land Cruiser V8,2010,ZX,4.6L V8,4WD,Automatic,SUV,JDM/TZ
Toyota,Land Cruiser V8,2010,GX Diesel,4.5L 1VD-FTV V8,4WD,Automatic,SUV,JDM/TZ
Toyota,Land Cruiser V8,2011,AX,4.6L 1UR-FE V8,4WD,Automatic,SUV,JDM/TZ
Toyota,Land Cruiser V8,2011,ZX,4.6L V8,4WD,Automatic,SUV,JDM/TZ
Toyota,Land Cruiser V8,2011,GX Diesel,4.5L 1VD-FTV V8,4WD,Automatic,SUV,JDM/TZ
Toyota,Land Cruiser V8,2012,AX,4.6L 1UR-FE V8,4WD,Automatic,SUV,JDM/TZ
Toyota,Land Cruiser V8,2012,ZX,4.6L V8,4WD,Automatic,SUV,JDM/TZ
Toyota,Land Cruiser V8,2012,GX Diesel,4.5L 1VD-FTV V8,4WD,Automatic,SUV,JDM/TZ
Toyota,Land Cruiser V8,2013,AX,4.6L 1UR-FE V8,4WD,Automatic,SUV,JDM/TZ
Toyota,Land Cruiser V8,2013,ZX,4.6L V8,4WD,Automatic,SUV,JDM/TZ
Toyota,Land Cruiser V8,2013,GX Diesel,4.5L 1VD-FTV V8,4WD,Automatic,SUV,JDM/TZ
Toyota,Land Cruiser V8,2014,AX,4.6L 1UR-FE V8,4WD,Automatic,SUV,JDM/TZ
Toyota,Land Cruiser V8,2014,ZX,4.6L V8,4WD,Automatic,SUV,JDM/TZ
Toyota,Land Cruiser V8,2014,GX Diesel,4.5L 1VD-FTV V8,4WD,Automatic,SUV,JDM/TZ
Toyota,Land Cruiser V8,2015,AX,4.6L 1UR-FE V8,4WD,Automatic,SUV,JDM/TZ
Toyota,Land Cruiser V8,2015,ZX,4.6L V8,4WD,Automatic,SUV,JDM/TZ
Toyota,Land Cruiser V8,2015,GX Diesel,4.5L 1VD-FTV V8,4WD,Automatic,SUV,JDM/TZ
Toyota,Land Cruiser V8,2016,AX,4.6L 1UR-FE V8,4WD,Automatic,SUV,JDM/TZ
Toyota,Land Cruiser V8,2016,ZX,4.6L V8,4WD,Automatic,SUV,JDM/TZ
Toyota,Land Cruiser V8,2016,GX Diesel,4.5L 1VD-FTV V8,4WD,Automatic,SUV,JDM/TZ
Toyota,Land Cruiser V8,2017,AX,4.6L 1UR-FE V8,4WD,Automatic,SUV,JDM/TZ
Toyota,Land Cruiser V8,2017,ZX,4.6L V8,4WD,Automatic,SUV,JDM/TZ
Toyota,Land Cruiser V8,2017,GX Diesel,4.5L 1VD-FTV V8,4WD,Automatic,SUV,JDM/TZ
Toyota,Land Cruiser V8,2018,AX,4.6L 1UR-FE V8,4WD,Automatic,SUV,JDM/TZ
Toyota,Land Cruiser V8,2018,ZX,4.6L V8,4WD,Automatic,SUV,JDM/TZ
Toyota,Land Cruiser V8,2018,GX Diesel,4.5L 1VD-FTV V8,4WD,Automatic,SUV,JDM/TZ
Toyota,Land Cruiser V8,2019,AX,4.6L 1UR-FE V8,4WD,Automatic,SUV,JDM/TZ
Toyota,Land Cruiser V8,2019,ZX,4.6L V8,4WD,Automatic,SUV,JDM/TZ
Toyota,Land Cruiser V8,2019,GX Diesel,4.5L 1VD-FTV V8,4WD,Automatic,SUV,JDM/TZ
Toyota,Land Cruiser V8,2020,AX,4.6L 1UR-FE V8,4WD,Automatic,SUV,JDM/TZ
Toyota,Land Cruiser V8,2020,ZX,4.6L V8,4WD,Automatic,SUV,JDM/TZ
Toyota,Land Cruiser V8,2020,GX Diesel,4.5L 1VD-FTV V8,4WD,Automatic,SUV,JDM/TZ
Toyota,Land Cruiser V8,2021,AX,4.6L 1UR-FE V8,4WD,Automatic,SUV,JDM/TZ
Toyota,Land Cruiser V8,2021,ZX,4.6L V8,4WD,Automatic,SUV,JDM/TZ
Toyota,Land Cruiser V8,2021,GX Diesel,4.5L 1VD-FTV V8,4WD,Automatic,SUV,JDM/TZ
Toyota,Hilux,2005,Single Cab,2.5L Diesel,4WD,Automatic,Truck,JDM/TZ
Toyota,Hilux,2005,Double Cab SR5,3.0L Diesel,4WD,Automatic,Truck,JDM/TZ
Toyota,Hilux,2005,Invincible,2.8L Diesel,4WD,Automatic,Truck,JDM/TZ
Toyota,Hilux,2006,Single Cab,2.5L Diesel,4WD,Automatic,Truck,JDM/TZ
Toyota,Hilux,2006,Double Cab SR5,3.0L Diesel,4WD,Automatic,Truck,JDM/TZ
Toyota,Hilux,2006,Invincible,2.8L Diesel,4WD,Automatic,Truck,JDM/TZ
Toyota,Hilux,2007,Single Cab,2.5L Diesel,4WD,Automatic,Truck,JDM/TZ
Toyota,Hilux,2007,Double Cab SR5,3.0L Diesel,4WD,Automatic,Truck,JDM/TZ
Toyota,Hilux,2007,Invincible,2.8L Diesel,4WD,Automatic,Truck,JDM/TZ
Toyota,Hilux,2008,Single Cab,2.5L Diesel,4WD,Automatic,Truck,JDM/TZ
Toyota,Hilux,2008,Double Cab SR5,3.0L Diesel,4WD,Automatic,Truck,JDM/TZ
Toyota,Hilux,2008,Invincible,2.8L Diesel,4WD,Automatic,Truck,JDM/TZ
Toyota,Hilux,2009,Single Cab,2.5L Diesel,4WD,Automatic,Truck,JDM/TZ
Toyota,Hilux,2009,Double Cab SR5,3.0L Diesel,4WD,Automatic,Truck,JDM/TZ
Toyota,Hilux,2009,Invincible,2.8L Diesel,4WD,Automatic,Truck,JDM/TZ
Toyota,Hilux,2010,Single Cab,2.5L Diesel,4WD,Automatic,Truck,JDM/TZ
Toyota,Hilux,2010,Double Cab SR5,3.0L Diesel,4WD,Automatic,Truck,JDM/TZ
Toyota,Hilux,2010,Invincible,2.8L Diesel,4WD,Automatic,Truck,JDM/TZ
Toyota,Hilux,2011,Single Cab,2.5L Diesel,4WD,Automatic,Truck,JDM/TZ
Toyota,Hilux,2011,Double Cab SR5,3.0L Diesel,4WD,Automatic,Truck,JDM/TZ
Toyota,Hilux,2011,Invincible,2.8L Diesel,4WD,Automatic,Truck,JDM/TZ
Toyota,Hilux,2012,Single Cab,2.5L Diesel,4WD,Automatic,Truck,JDM/TZ
Toyota,Hilux,2012,Double Cab SR5,3.0L Diesel,4WD,Automatic,Truck,JDM/TZ
Toyota,Hilux,2012,Invincible,2.8L Diesel,4WD,Automatic,Truck,JDM/TZ
Toyota,Hilux,2013,Single Cab,2.5L Diesel,4WD,Automatic,Truck,JDM/TZ
Toyota,Hilux,2013,Double Cab SR5,3.0L Diesel,4WD,Automatic,Truck,JDM/TZ
Toyota,Hilux,2013,Invincible,2.8L Diesel,4WD,Automatic,Truck,JDM/TZ
Toyota,Hilux,2014,Single Cab,2.5L Diesel,4WD,Automatic,Truck,JDM/TZ
Toyota,Hilux,2014,Double Cab SR5,3.0L Diesel,4WD,Automatic,Truck,JDM/TZ
Toyota,Hilux,2014,Invincible,2.8L Diesel,4WD,Automatic,Truck,JDM/TZ
Toyota,Hilux,2015,Single Cab,2.5L Diesel,4WD,Automatic,Truck,JDM/TZ
Toyota,Hilux,2015,Double Cab SR5,3.0L Diesel,4WD,Automatic,Truck,JDM/TZ
Toyota,Hilux,2015,Invincible,2.8L Diesel,4WD,Automatic,Truck,JDM/TZ
Toyota,Hilux,2016,Single Cab,2.5L Diesel,4WD,Automatic,Truck,JDM/TZ
Toyota,Hilux,2016,Double Cab SR5,3.0L Diesel,4WD,Automatic,Truck,JDM/TZ
Toyota,Hilux,2016,Invincible,2.8L Diesel,4WD,Automatic,Truck,JDM/TZ
Toyota,Hilux,2017,Single Cab,2.5L Diesel,4WD,Automatic,Truck,JDM/TZ
Toyota,Hilux,2017,Double Cab SR5,3.0L Diesel,4WD,Automatic,Truck,JDM/TZ
Toyota,Hilux,2017,Invincible,2.8L Diesel,4WD,Automatic,Truck,JDM/TZ
Toyota,Hilux,2018,Single Cab,2.5L Diesel,4WD,Automatic,Truck,JDM/TZ
Toyota,Hilux,2018,Double Cab SR5,3.0L Diesel,4WD,Automatic,Truck,JDM/TZ
Toyota,Hilux,2018,Invincible,2.8L Diesel,4WD,Automatic,Truck,JDM/TZ
Toyota,Hilux,2019,Single Cab,2.5L Diesel,4WD,Automatic,Truck,JDM/TZ
Toyota,Hilux,2019,Double Cab SR5,3.0L Diesel,4WD,Automatic,Truck,JDM/TZ
Toyota,Hilux,2019,Invincible,2.8L Diesel,4WD,Automatic,Truck,JDM/TZ
Toyota,Hilux,2020,Single Cab,2.5L Diesel,4WD,Automatic,Truck,JDM/TZ
Toyota,Hilux,2020,Double Cab SR5,3.0L Diesel,4WD,Automatic,Truck,JDM/TZ
Toyota,Hilux,2020,Invincible,2.8L Diesel,4WD,Automatic,Truck,JDM/TZ
Toyota,Hilux,2021,Single Cab,2.5L Diesel,4WD,Automatic,Truck,JDM/TZ
Toyota,Hilux,2021,Double Cab SR5,3.0L Diesel,4WD,Automatic,Truck,JDM/TZ
Toyota,Hilux,2021,Invincible,2.8L Diesel,4WD,Automatic,Truck,JDM/TZ
Toyota,Hilux,2022,Single Cab,2.5L Diesel,4WD,Automatic,Truck,JDM/TZ
Toyota,Hilux,2022,Double Cab SR5,3.0L Diesel,4WD,Automatic,Truck,JDM/TZ
Toyota,Hilux,2022,Invincible,2.8L Diesel,4WD,Automatic,Truck,JDM/TZ
Toyota,Hilux,2023,Single Cab,2.5L Diesel,4WD,Automatic,Truck,JDM/TZ
Toyota,Hilux,2023,Double Cab SR5,3.0L Diesel,4WD,Automatic,Truck,JDM/TZ
Toyota,Hilux,2023,Invincible,2.8L Diesel,4WD,Automatic,Truck,JDM/TZ
Toyota,Alphard,2005,240G,2.4L,FWD,Automatic,Van/Minivan,JDM/TZ
Toyota,Alphard,2005,350G,3.5L V6,FWD,Automatic,Van/Minivan,JDM/TZ
Toyota,Alphard,2005,Executive Lounge,3.5L V6,FWD,Automatic,Van/Minivan,JDM/TZ
Toyota,Alphard,2006,240G,2.4L,FWD,Automatic,Van/Minivan,JDM/TZ
Toyota,Alphard,2006,350G,3.5L V6,FWD,Automatic,Van/Minivan,JDM/TZ
Toyota,Alphard,2006,Executive Lounge,3.5L V6,FWD,Automatic,Van/Minivan,JDM/TZ
Toyota,Alphard,2007,240G,2.4L,FWD,Automatic,Van/Minivan,JDM/TZ
Toyota,Alphard,2007,350G,3.5L V6,FWD,Automatic,Van/Minivan,JDM/TZ
Toyota,Alphard,2007,Executive Lounge,3.5L V6,FWD,Automatic,Van/Minivan,JDM/TZ
Toyota,Alphard,2008,240G,2.4L,FWD,Automatic,Van/Minivan,JDM/TZ
Toyota,Alphard,2008,350G,3.5L V6,FWD,Automatic,Van/Minivan,JDM/TZ
Toyota,Alphard,2008,Executive Lounge,3.5L V6,FWD,Automatic,Van/Minivan,JDM/TZ
Toyota,Alphard,2009,240G,2.4L,FWD,Automatic,Van/Minivan,JDM/TZ
Toyota,Alphard,2009,350G,3.5L V6,FWD,Automatic,Van/Minivan,JDM/TZ
Toyota,Alphard,2009,Executive Lounge,3.5L V6,FWD,Automatic,Van/Minivan,JDM/TZ
Toyota,Alphard,2010,240G,2.4L,FWD,Automatic,Van/Minivan,JDM/TZ
Toyota,Alphard,2010,350G,3.5L V6,FWD,Automatic,Van/Minivan,JDM/TZ
Toyota,Alphard,2010,Executive Lounge,3.5L V6,FWD,Automatic,Van/Minivan,JDM/TZ
Toyota,Alphard,2011,240G,2.4L,FWD,Automatic,Van/Minivan,JDM/TZ
Toyota,Alphard,2011,350G,3.5L V6,FWD,Automatic,Van/Minivan,JDM/TZ
Toyota,Alphard,2011,Executive Lounge,3.5L V6,FWD,Automatic,Van/Minivan,JDM/TZ
Toyota,Alphard,2012,240G,2.4L,FWD,Automatic,Van/Minivan,JDM/TZ
Toyota,Alphard,2012,350G,3.5L V6,FWD,Automatic,Van/Minivan,JDM/TZ
Toyota,Alphard,2012,Executive Lounge,3.5L V6,FWD,Automatic,Van/Minivan,JDM/TZ
Toyota,Alphard,2013,240G,2.4L,FWD,Automatic,Van/Minivan,JDM/TZ
Toyota,Alphard,2013,350G,3.5L V6,FWD,Automatic,Van/Minivan,JDM/TZ
Toyota,Alphard,2013,Executive Lounge,3.5L V6,FWD,Automatic,Van/Minivan,JDM/TZ
Toyota,Alphard,2014,240G,2.4L,FWD,Automatic,Van/Minivan,JDM/TZ
Toyota,Alphard,2014,350G,3.5L V6,FWD,Automatic,Van/Minivan,JDM/TZ
Toyota,Alphard,2014,Executive Lounge,3.5L V6,FWD,Automatic,Van/Minivan,JDM/TZ
Toyota,Alphard,2015,240G,2.4L,FWD,Automatic,Van/Minivan,JDM/TZ
Toyota,Alphard,2015,350G,3.5L V6,FWD,Automatic,Van/Minivan,JDM/TZ
Toyota,Alphard,2015,Executive Lounge,3.5L V6,FWD,Automatic,Van/Minivan,JDM/TZ
Toyota,Alphard,2016,240G,2.4L,FWD,Automatic,Van/Minivan,JDM/TZ
Toyota,Alphard,2016,350G,3.5L V6,FWD,Automatic,Van/Minivan,JDM/TZ
Toyota,Alphard,2016,Executive Lounge,3.5L V6,FWD,Automatic,Van/Minivan,JDM/TZ
Toyota,Alphard,2017,240G,2.4L,FWD,Automatic,Van/Minivan,JDM/TZ
Toyota,Alphard,2017,350G,3.5L V6,FWD,Automatic,Van/Minivan,JDM/TZ
Toyota,Alphard,2017,Executive Lounge,3.5L V6,FWD,Automatic,Van/Minivan,JDM/TZ
Toyota,Alphard,2018,240G,2.4L,FWD,Automatic,Van/Minivan,JDM/TZ
Toyota,Alphard,2018,350G,3.5L V6,FWD,Automatic,Van/Minivan,JDM/TZ
Toyota,Alphard,2018,Executive Lounge,3.5L V6,FWD,Automatic,Van/Minivan,JDM/TZ
Toyota,Alphard,2019,240G,2.4L,FWD,Automatic,Van/Minivan,JDM/TZ
Toyota,Alphard,2019,350G,3.5L V6,FWD,Automatic,Van/Minivan,JDM/TZ
Toyota,Alphard,2019,Executive Lounge,3.5L V6,FWD,Automatic,Van/Minivan,JDM/TZ
Toyota,Alphard,2020,240G,2.4L,FWD,Automatic,Van/Minivan,JDM/TZ
Toyota,Alphard,2020,350G,3.5L V6,FWD,Automatic,Van/Minivan,JDM/TZ
Toyota,Alphard,2020,Executive Lounge,3.5L V6,FWD,Automatic,Van/Minivan,JDM/TZ
Toyota,Alphard,2021,240G,2.4L,FWD,Automatic,Van/Minivan,JDM/TZ
Toyota,Alphard,2021,350G,3.5L V6,FWD,Automatic,Van/Minivan,JDM/TZ
Toyota,Alphard,2021,Executive Lounge,3.5L V6,FWD,Automatic,Van/Minivan,JDM/TZ
Toyota,Alphard,2022,240G,2.4L,FWD,Automatic,Van/Minivan,JDM/TZ
Toyota,Alphard,2022,350G,3.5L V6,FWD,Automatic,Van/Minivan,JDM/TZ
Toyota,Alphard,2022,Executive Lounge,3.5L V6,FWD,Automatic,Van/Minivan,JDM/TZ
Toyota,Alphard,2023,240G,2.4L,FWD,Automatic,Van/Minivan,JDM/TZ
Toyota,Alphard,2023,350G,3.5L V6,FWD,Automatic,Van/Minivan,JDM/TZ
Toyota,Alphard,2023,Executive Lounge,3.5L V6,FWD,Automatic,Van/Minivan,JDM/TZ
Toyota,Noah,2005,X,2.0L 3ZR-FAE,FWD,Automatic,Van/Minivan,JDM/TZ
Toyota,Noah,2005,S,2.0L,FWD,Automatic,Van/Minivan,JDM/TZ
Toyota,Noah,2005,G,2.0L,FWD,Automatic,Van/Minivan,JDM/TZ
Toyota,Noah,2006,X,2.0L 3ZR-FAE,FWD,Automatic,Van/Minivan,JDM/TZ
Toyota,Noah,2006,S,2.0L,FWD,Automatic,Van/Minivan,JDM/TZ
Toyota,Noah,2006,G,2.0L,FWD,Automatic,Van/Minivan,JDM/TZ
Toyota,Noah,2007,X,2.0L 3ZR-FAE,FWD,Automatic,Van/Minivan,JDM/TZ
Toyota,Noah,2007,S,2.0L,FWD,Automatic,Van/Minivan,JDM/TZ
Toyota,Noah,2007,G,2.0L,FWD,Automatic,Van/Minivan,JDM/TZ
Toyota,Noah,2008,X,2.0L 3ZR-FAE,FWD,Automatic,Van/Minivan,JDM/TZ
Toyota,Noah,2008,S,2.0L,FWD,Automatic,Van/Minivan,JDM/TZ
Toyota,Noah,2008,G,2.0L,FWD,Automatic,Van/Minivan,JDM/TZ
Toyota,Noah,2009,X,2.0L 3ZR-FAE,FWD,Automatic,Van/Minivan,JDM/TZ
Toyota,Noah,2009,S,2.0L,FWD,Automatic,Van/Minivan,JDM/TZ
Toyota,Noah,2009,G,2.0L,FWD,Automatic,Van/Minivan,JDM/TZ
Toyota,Noah,2010,X,2.0L 3ZR-FAE,FWD,Automatic,Van/Minivan,JDM/TZ
Toyota,Noah,2010,S,2.0L,FWD,Automatic,Van/Minivan,JDM/TZ
Toyota,Noah,2010,G,2.0L,FWD,Automatic,Van/Minivan,JDM/TZ
Toyota,Noah,2011,X,2.0L 3ZR-FAE,FWD,Automatic,Van/Minivan,JDM/TZ
Toyota,Noah,2011,S,2.0L,FWD,Automatic,Van/Minivan,JDM/TZ
Toyota,Noah,2011,G,2.0L,FWD,Automatic,Van/Minivan,JDM/TZ
Toyota,Noah,2012,X,2.0L 3ZR-FAE,FWD,Automatic,Van/Minivan,JDM/TZ
Toyota,Noah,2012,S,2.0L,FWD,Automatic,Van/Minivan,JDM/TZ
Toyota,Noah,2012,G,2.0L,FWD,Automatic,Van/Minivan,JDM/TZ
Toyota,Noah,2013,X,2.0L 3ZR-FAE,FWD,Automatic,Van/Minivan,JDM/TZ
Toyota,Noah,2013,S,2.0L,FWD,Automatic,Van/Minivan,JDM/TZ
Toyota,Noah,2013,G,2.0L,FWD,Automatic,Van/Minivan,JDM/TZ
Toyota,Noah,2014,X,2.0L 3ZR-FAE,FWD,Automatic,Van/Minivan,JDM/TZ
Toyota,Noah,2014,S,2.0L,FWD,Automatic,Van/Minivan,JDM/TZ
Toyota,Noah,2014,G,2.0L,FWD,Automatic,Van/Minivan,JDM/TZ
Toyota,Noah,2015,X,2.0L 3ZR-FAE,FWD,Automatic,Van/Minivan,JDM/TZ
Toyota,Noah,2015,S,2.0L,FWD,Automatic,Van/Minivan,JDM/TZ
Toyota,Noah,2015,G,2.0L,FWD,Automatic,Van/Minivan,JDM/TZ
Toyota,Noah,2016,X,2.0L 3ZR-FAE,FWD,Automatic,Van/Minivan,JDM/TZ
Toyota,Noah,2016,S,2.0L,FWD,Automatic,Van/Minivan,JDM/TZ
Toyota,Noah,2016,G,2.0L,FWD,Automatic,Van/Minivan,JDM/TZ
Toyota,Noah,2017,X,2.0L 3ZR-FAE,FWD,Automatic,Van/Minivan,JDM/TZ
Toyota,Noah,2017,S,2.0L,FWD,Automatic,Van/Minivan,JDM/TZ
Toyota,Noah,2017,G,2.0L,FWD,Automatic,Van/Minivan,JDM/TZ
Toyota,Noah,2018,X,2.0L 3ZR-FAE,FWD,Automatic,Van/Minivan,JDM/TZ
Toyota,Noah,2018,S,2.0L,FWD,Automatic,Van/Minivan,JDM/TZ
Toyota,Noah,2018,G,2.0L,FWD,Automatic,Van/Minivan,JDM/TZ
Toyota,Noah,2019,X,2.0L 3ZR-FAE,FWD,Automatic,Van/Minivan,JDM/TZ
Toyota,Noah,2019,S,2.0L,FWD,Automatic,Van/Minivan,JDM/TZ
Toyota,Noah,2019,G,2.0L,FWD,Automatic,Van/Minivan,JDM/TZ
Toyota,Noah,2020,X,2.0L 3ZR-FAE,FWD,Automatic,Van/Minivan,JDM/TZ
Toyota,Noah,2020,S,2.0L,FWD,Automatic,Van/Minivan,JDM/TZ
Toyota,Noah,2020,G,2.0L,FWD,Automatic,Van/Minivan,JDM/TZ
Toyota,Noah,2021,X,2.0L 3ZR-FAE,FWD,Automatic,Van/Minivan,JDM/TZ
Toyota,Noah,2021,S,2.0L,FWD,Automatic,Van/Minivan,JDM/TZ
Toyota,Noah,2021,G,2.0L,FWD,Automatic,Van/Minivan,JDM/TZ
Toyota,Voxy,2005,Z,2.0L 3ZR-FAE,FWD,Automatic,Van/Minivan,JDM/TZ
Toyota,Voxy,2005,ZS,2.0L,FWD,Automatic,Van/Minivan,JDM/TZ
Toyota,Voxy,2005,Hybrid V,1.8L Hybrid,FWD,Automatic,Van/Minivan,JDM/TZ
Toyota,Voxy,2006,Z,2.0L 3ZR-FAE,FWD,Automatic,Van/Minivan,JDM/TZ
Toyota,Voxy,2006,ZS,2.0L,FWD,Automatic,Van/Minivan,JDM/TZ
Toyota,Voxy,2006,Hybrid V,1.8L Hybrid,FWD,Automatic,Van/Minivan,JDM/TZ
Toyota,Voxy,2007,Z,2.0L 3ZR-FAE,FWD,Automatic,Van/Minivan,JDM/TZ
Toyota,Voxy,2007,ZS,2.0L,FWD,Automatic,Van/Minivan,JDM/TZ
Toyota,Voxy,2007,Hybrid V,1.8L Hybrid,FWD,Automatic,Van/Minivan,JDM/TZ
Toyota,Voxy,2008,Z,2.0L 3ZR-FAE,FWD,Automatic,Van/Minivan,JDM/TZ
Toyota,Voxy,2008,ZS,2.0L,FWD,Automatic,Van/Minivan,JDM/TZ
Toyota,Voxy,2008,Hybrid V,1.8L Hybrid,FWD,Automatic,Van/Minivan,JDM/TZ
Toyota,Voxy,2009,Z,2.0L 3ZR-FAE,FWD,Automatic,Van/Minivan,JDM/TZ
Toyota,Voxy,2009,ZS,2.0L,FWD,Automatic,Van/Minivan,JDM/TZ
Toyota,Voxy,2009,Hybrid V,1.8L Hybrid,FWD,Automatic,Van/Minivan,JDM/TZ
Toyota,Voxy,2010,Z,2.0L 3ZR-FAE,FWD,Automatic,Van/Minivan,JDM/TZ
Toyota,Voxy,2010,ZS,2.0L,FWD,Automatic,Van/Minivan,JDM/TZ
Toyota,Voxy,2010,Hybrid V,1.8L Hybrid,FWD,Automatic,Van/Minivan,JDM/TZ
Toyota,Voxy,2011,Z,2.0L 3ZR-FAE,FWD,Automatic,Van/Minivan,JDM/TZ
Toyota,Voxy,2011,ZS,2.0L,FWD,Automatic,Van/Minivan,JDM/TZ
Toyota,Voxy,2011,Hybrid V,1.8L Hybrid,FWD,Automatic,Van/Minivan,JDM/TZ
Toyota,Voxy,2012,Z,2.0L 3ZR-FAE,FWD,Automatic,Van/Minivan,JDM/TZ
Toyota,Voxy,2012,ZS,2.0L,FWD,Automatic,Van/Minivan,JDM/TZ
Toyota,Voxy,2012,Hybrid V,1.8L Hybrid,FWD,Automatic,Van/Minivan,JDM/TZ
Toyota,Voxy,2013,Z,2.0L 3ZR-FAE,FWD,Automatic,Van/Minivan,JDM/TZ
Toyota,Voxy,2013,ZS,2.0L,FWD,Automatic,Van/Minivan,JDM/TZ
Toyota,Voxy,2013,Hybrid V,1.8L Hybrid,FWD,Automatic,Van/Minivan,JDM/TZ
Toyota,Voxy,2014,Z,2.0L 3ZR-FAE,FWD,Automatic,Van/Minivan,JDM/TZ
Toyota,Voxy,2014,ZS,2.0L,FWD,Automatic,Van/Minivan,JDM/TZ
Toyota,Voxy,2014,Hybrid V,1.8L Hybrid,FWD,Automatic,Van/Minivan,JDM/TZ
Toyota,Voxy,2015,Z,2.0L 3ZR-FAE,FWD,Automatic,Van/Minivan,JDM/TZ
Toyota,Voxy,2015,ZS,2.0L,FWD,Automatic,Van/Minivan,JDM/TZ
Toyota,Voxy,2015,Hybrid V,1.8L Hybrid,FWD,Automatic,Van/Minivan,JDM/TZ
Toyota,Voxy,2016,Z,2.0L 3ZR-FAE,FWD,Automatic,Van/Minivan,JDM/TZ
Toyota,Voxy,2016,ZS,2.0L,FWD,Automatic,Van/Minivan,JDM/TZ
Toyota,Voxy,2016,Hybrid V,1.8L Hybrid,FWD,Automatic,Van/Minivan,JDM/TZ
Toyota,Voxy,2017,Z,2.0L 3ZR-FAE,FWD,Automatic,Van/Minivan,JDM/TZ
Toyota,Voxy,2017,ZS,2.0L,FWD,Automatic,Van/Minivan,JDM/TZ
Toyota,Voxy,2017,Hybrid V,1.8L Hybrid,FWD,Automatic,Van/Minivan,JDM/TZ
Toyota,Voxy,2018,Z,2.0L 3ZR-FAE,FWD,Automatic,Van/Minivan,JDM/TZ
Toyota,Voxy,2018,ZS,2.0L,FWD,Automatic,Van/Minivan,JDM/TZ
Toyota,Voxy,2018,Hybrid V,1.8L Hybrid,FWD,Automatic,Van/Minivan,JDM/TZ
Toyota,Voxy,2019,Z,2.0L 3ZR-FAE,FWD,Automatic,Van/Minivan,JDM/TZ
Toyota,Voxy,2019,ZS,2.0L,FWD,Automatic,Van/Minivan,JDM/TZ
Toyota,Voxy,2019,Hybrid V,1.8L Hybrid,FWD,Automatic,Van/Minivan,JDM/TZ
Toyota,Voxy,2020,Z,2.0L 3ZR-FAE,FWD,Automatic,Van/Minivan,JDM/TZ
Toyota,Voxy,2020,ZS,2.0L,FWD,Automatic,Van/Minivan,JDM/TZ
Toyota,Voxy,2020,Hybrid V,1.8L Hybrid,FWD,Automatic,Van/Minivan,JDM/TZ
Toyota,Voxy,2021,Z,2.0L 3ZR-FAE,FWD,Automatic,Van/Minivan,JDM/TZ
Toyota,Voxy,2021,ZS,2.0L,FWD,Automatic,Van/Minivan,JDM/TZ
Toyota,Voxy,2021,Hybrid V,1.8L Hybrid,FWD,Automatic,Van/Minivan,JDM/TZ
Toyota,Vanguard,2007,240S,2.4L 2AZ-FE,FWD,Automatic,SUV,JDM/TZ
Toyota,Vanguard,2007,350S,3.5L V6,FWD,Automatic,SUV,JDM/TZ
Toyota,Vanguard,2008,240S,2.4L 2AZ-FE,FWD,Automatic,SUV,JDM/TZ
Toyota,Vanguard,2008,350S,3.5L V6,FWD,Automatic,SUV,JDM/TZ
Toyota,Vanguard,2009,240S,2.4L 2AZ-FE,FWD,Automatic,SUV,JDM/TZ
Toyota,Vanguard,2009,350S,3.5L V6,FWD,Automatic,SUV,JDM/TZ
Toyota,Vanguard,2010,240S,2.4L 2AZ-FE,FWD,Automatic,SUV,JDM/TZ
Toyota,Vanguard,2010,350S,3.5L V6,FWD,Automatic,SUV,JDM/TZ
Toyota,Vanguard,2011,240S,2.4L 2AZ-FE,FWD,Automatic,SUV,JDM/TZ
Toyota,Vanguard,2011,350S,3.5L V6,FWD,Automatic,SUV,JDM/TZ
Toyota,Vanguard,2012,240S,2.4L 2AZ-FE,FWD,Automatic,SUV,JDM/TZ
Toyota,Vanguard,2012,350S,3.5L V6,FWD,Automatic,SUV,JDM/TZ
Toyota,Vanguard,2013,240S,2.4L 2AZ-FE,FWD,Automatic,SUV,JDM/TZ
Toyota,Vanguard,2013,350S,3.5L V6,FWD,Automatic,SUV,JDM/TZ
Toyota,RAV4,2005,XLE,2.0L,FWD,Automatic,SUV,JDM/TZ
Toyota,RAV4,2005,Adventure,2.5L,FWD,Automatic,SUV,JDM/TZ
Toyota,RAV4,2005,Hybrid,2.5L Hybrid,FWD,Automatic,SUV,JDM/TZ
Toyota,RAV4,2006,XLE,2.0L,FWD,Automatic,SUV,JDM/TZ
Toyota,RAV4,2006,Adventure,2.5L,FWD,Automatic,SUV,JDM/TZ
Toyota,RAV4,2006,Hybrid,2.5L Hybrid,FWD,Automatic,SUV,JDM/TZ
Toyota,RAV4,2007,XLE,2.0L,FWD,Automatic,SUV,JDM/TZ
Toyota,RAV4,2007,Adventure,2.5L,FWD,Automatic,SUV,JDM/TZ
Toyota,RAV4,2007,Hybrid,2.5L Hybrid,FWD,Automatic,SUV,JDM/TZ
Toyota,RAV4,2008,XLE,2.0L,FWD,Automatic,SUV,JDM/TZ
Toyota,RAV4,2008,Adventure,2.5L,FWD,Automatic,SUV,JDM/TZ
Toyota,RAV4,2008,Hybrid,2.5L Hybrid,FWD,Automatic,SUV,JDM/TZ
Toyota,RAV4,2009,XLE,2.0L,FWD,Automatic,SUV,JDM/TZ
Toyota,RAV4,2009,Adventure,2.5L,FWD,Automatic,SUV,JDM/TZ
Toyota,RAV4,2009,Hybrid,2.5L Hybrid,FWD,Automatic,SUV,JDM/TZ
Toyota,RAV4,2010,XLE,2.0L,FWD,Automatic,SUV,JDM/TZ
Toyota,RAV4,2010,Adventure,2.5L,FWD,Automatic,SUV,JDM/TZ
Toyota,RAV4,2010,Hybrid,2.5L Hybrid,FWD,Automatic,SUV,JDM/TZ
Toyota,RAV4,2011,XLE,2.0L,FWD,Automatic,SUV,JDM/TZ
Toyota,RAV4,2011,Adventure,2.5L,FWD,Automatic,SUV,JDM/TZ
Toyota,RAV4,2011,Hybrid,2.5L Hybrid,FWD,Automatic,SUV,JDM/TZ
Toyota,RAV4,2012,XLE,2.0L,FWD,Automatic,SUV,JDM/TZ
Toyota,RAV4,2012,Adventure,2.5L,FWD,Automatic,SUV,JDM/TZ
Toyota,RAV4,2012,Hybrid,2.5L Hybrid,FWD,Automatic,SUV,JDM/TZ
Toyota,RAV4,2013,XLE,2.0L,FWD,Automatic,SUV,JDM/TZ
Toyota,RAV4,2013,Adventure,2.5L,FWD,Automatic,SUV,JDM/TZ
Toyota,RAV4,2013,Hybrid,2.5L Hybrid,FWD,Automatic,SUV,JDM/TZ
Toyota,RAV4,2014,XLE,2.0L,FWD,Automatic,SUV,JDM/TZ
Toyota,RAV4,2014,Adventure,2.5L,FWD,Automatic,SUV,JDM/TZ
Toyota,RAV4,2014,Hybrid,2.5L Hybrid,FWD,Automatic,SUV,JDM/TZ
Toyota,RAV4,2015,XLE,2.0L,FWD,Automatic,SUV,JDM/TZ
Toyota,RAV4,2015,Adventure,2.5L,FWD,Automatic,SUV,JDM/TZ
Toyota,RAV4,2015,Hybrid,2.5L Hybrid,FWD,Automatic,SUV,JDM/TZ
Toyota,RAV4,2016,XLE,2.0L,FWD,Automatic,SUV,JDM/TZ
Toyota,RAV4,2016,Adventure,2.5L,FWD,Automatic,SUV,JDM/TZ
Toyota,RAV4,2016,Hybrid,2.5L Hybrid,FWD,Automatic,SUV,JDM/TZ
Toyota,RAV4,2017,XLE,2.0L,FWD,Automatic,SUV,JDM/TZ
Toyota,RAV4,2017,Adventure,2.5L,FWD,Automatic,SUV,JDM/TZ
Toyota,RAV4,2017,Hybrid,2.5L Hybrid,FWD,Automatic,SUV,JDM/TZ
Toyota,RAV4,2018,XLE,2.0L,FWD,Automatic,SUV,JDM/TZ
Toyota,RAV4,2018,Adventure,2.5L,FWD,Automatic,SUV,JDM/TZ
Toyota,RAV4,2018,Hybrid,2.5L Hybrid,FWD,Automatic,SUV,JDM/TZ
Toyota,RAV4,2019,XLE,2.0L,FWD,Automatic,SUV,JDM/TZ
Toyota,RAV4,2019,Adventure,2.5L,FWD,Automatic,SUV,JDM/TZ
Toyota,RAV4,2019,Hybrid,2.5L Hybrid,FWD,Automatic,SUV,JDM/TZ
Toyota,RAV4,2020,XLE,2.0L,FWD,Automatic,SUV,JDM/TZ
Toyota,RAV4,2020,Adventure,2.5L,FWD,Automatic,SUV,JDM/TZ
Toyota,RAV4,2020,Hybrid,2.5L Hybrid,FWD,Automatic,SUV,JDM/TZ
Toyota,RAV4,2021,XLE,2.0L,FWD,Automatic,SUV,JDM/TZ
Toyota,RAV4,2021,Adventure,2.5L,FWD,Automatic,SUV,JDM/TZ
Toyota,RAV4,2021,Hybrid,2.5L Hybrid,FWD,Automatic,SUV,JDM/TZ
Toyota,RAV4,2022,XLE,2.0L,FWD,Automatic,SUV,JDM/TZ
Toyota,RAV4,2022,Adventure,2.5L,FWD,Automatic,SUV,JDM/TZ
Toyota,RAV4,2022,Hybrid,2.5L Hybrid,FWD,Automatic,SUV,JDM/TZ
Toyota,RAV4,2023,XLE,2.0L,FWD,Automatic,SUV,JDM/TZ
Toyota,RAV4,2023,Adventure,2.5L,FWD,Automatic,SUV,JDM/TZ
Toyota,RAV4,2023,Hybrid,2.5L Hybrid,FWD,Automatic,SUV,JDM/TZ
Toyota,Passo,2005,X,1.0L 1KR-FE,FWD,Automatic,Hatchback,JDM/TZ
Toyota,Passo,2005,G,1.3L K3-VE,FWD,Automatic,Hatchback,JDM/TZ
Toyota,Passo,2006,X,1.0L 1KR-FE,FWD,Automatic,Hatchback,JDM/TZ
Toyota,Passo,2006,G,1.3L K3-VE,FWD,Automatic,Hatchback,JDM/TZ
Toyota,Passo,2007,X,1.0L 1KR-FE,FWD,Automatic,Hatchback,JDM/TZ
Toyota,Passo,2007,G,1.3L K3-VE,FWD,Automatic,Hatchback,JDM/TZ
Toyota,Passo,2008,X,1.0L 1KR-FE,FWD,Automatic,Hatchback,JDM/TZ
Toyota,Passo,2008,G,1.3L K3-VE,FWD,Automatic,Hatchback,JDM/TZ
Toyota,Passo,2009,X,1.0L 1KR-FE,FWD,Automatic,Hatchback,JDM/TZ
Toyota,Passo,2009,G,1.3L K3-VE,FWD,Automatic,Hatchback,JDM/TZ
Toyota,Passo,2010,X,1.0L 1KR-FE,FWD,Automatic,Hatchback,JDM/TZ
Toyota,Passo,2010,G,1.3L K3-VE,FWD,Automatic,Hatchback,JDM/TZ
Toyota,Passo,2011,X,1.0L 1KR-FE,FWD,Automatic,Hatchback,JDM/TZ
Toyota,Passo,2011,G,1.3L K3-VE,FWD,Automatic,Hatchback,JDM/TZ
Toyota,Passo,2012,X,1.0L 1KR-FE,FWD,Automatic,Hatchback,JDM/TZ
Toyota,Passo,2012,G,1.3L K3-VE,FWD,Automatic,Hatchback,JDM/TZ
Toyota,Passo,2013,X,1.0L 1KR-FE,FWD,Automatic,Hatchback,JDM/TZ
Toyota,Passo,2013,G,1.3L K3-VE,FWD,Automatic,Hatchback,JDM/TZ
Toyota,Passo,2014,X,1.0L 1KR-FE,FWD,Automatic,Hatchback,JDM/TZ
Toyota,Passo,2014,G,1.3L K3-VE,FWD,Automatic,Hatchback,JDM/TZ
Toyota,Passo,2015,X,1.0L 1KR-FE,FWD,Automatic,Hatchback,JDM/TZ
Toyota,Passo,2015,G,1.3L K3-VE,FWD,Automatic,Hatchback,JDM/TZ
Toyota,Passo,2016,X,1.0L 1KR-FE,FWD,Automatic,Hatchback,JDM/TZ
Toyota,Passo,2016,G,1.3L K3-VE,FWD,Automatic,Hatchback,JDM/TZ
Toyota,Passo,2017,X,1.0L 1KR-FE,FWD,Automatic,Hatchback,JDM/TZ
Toyota,Passo,2017,G,1.3L K3-VE,FWD,Automatic,Hatchback,JDM/TZ
Toyota,Passo,2018,X,1.0L 1KR-FE,FWD,Automatic,Hatchback,JDM/TZ
Toyota,Passo,2018,G,1.3L K3-VE,FWD,Automatic,Hatchback,JDM/TZ
Toyota,Passo,2019,X,1.0L 1KR-FE,FWD,Automatic,Hatchback,JDM/TZ
Toyota,Passo,2019,G,1.3L K3-VE,FWD,Automatic,Hatchback,JDM/TZ
Toyota,Passo,2020,X,1.0L 1KR-FE,FWD,Automatic,Hatchback,JDM/TZ
Toyota,Passo,2020,G,1.3L K3-VE,FWD,Automatic,Hatchback,JDM/TZ
Toyota,Probox,2005,DX,1.3L,FWD,Automatic,Wagon,JDM/TZ
Toyota,Probox,2005,GL,1.5L 1NZ-FE,FWD,Automatic,Wagon,JDM/TZ
Toyota,Probox,2006,DX,1.3L,FWD,Automatic,Wagon,JDM/TZ
Toyota,Probox,2006,GL,1.5L 1NZ-FE,FWD,Automatic,Wagon,JDM/TZ
Toyota,Probox,2007,DX,1.3L,FWD,Automatic,Wagon,JDM/TZ
Toyota,Probox,2007,GL,1.5L 1NZ-FE,FWD,Automatic,Wagon,JDM/TZ
Toyota,Probox,2008,DX,1.3L,FWD,Automatic,Wagon,JDM/TZ
Toyota,Probox,2008,GL,1.5L 1NZ-FE,FWD,Automatic,Wagon,JDM/TZ
Toyota,Probox,2009,DX,1.3L,FWD,Automatic,Wagon,JDM/TZ
Toyota,Probox,2009,GL,1.5L 1NZ-FE,FWD,Automatic,Wagon,JDM/TZ
Toyota,Probox,2010,DX,1.3L,FWD,Automatic,Wagon,JDM/TZ
Toyota,Probox,2010,GL,1.5L 1NZ-FE,FWD,Automatic,Wagon,JDM/TZ
Toyota,Probox,2011,DX,1.3L,FWD,Automatic,Wagon,JDM/TZ
Toyota,Probox,2011,GL,1.5L 1NZ-FE,FWD,Automatic,Wagon,JDM/TZ
Toyota,Probox,2012,DX,1.3L,FWD,Automatic,Wagon,JDM/TZ
Toyota,Probox,2012,GL,1.5L 1NZ-FE,FWD,Automatic,Wagon,JDM/TZ
Toyota,Probox,2013,DX,1.3L,FWD,Automatic,Wagon,JDM/TZ
Toyota,Probox,2013,GL,1.5L 1NZ-FE,FWD,Automatic,Wagon,JDM/TZ
Toyota,Probox,2014,DX,1.3L,FWD,Automatic,Wagon,JDM/TZ
Toyota,Probox,2014,GL,1.5L 1NZ-FE,FWD,Automatic,Wagon,JDM/TZ
Toyota,Probox,2015,DX,1.3L,FWD,Automatic,Wagon,JDM/TZ
Toyota,Probox,2015,GL,1.5L 1NZ-FE,FWD,Automatic,Wagon,JDM/TZ
Toyota,Probox,2016,DX,1.3L,FWD,Automatic,Wagon,JDM/TZ
Toyota,Probox,2016,GL,1.5L 1NZ-FE,FWD,Automatic,Wagon,JDM/TZ
Toyota,Probox,2017,DX,1.3L,FWD,Automatic,Wagon,JDM/TZ
Toyota,Probox,2017,GL,1.5L 1NZ-FE,FWD,Automatic,Wagon,JDM/TZ
Toyota,Probox,2018,DX,1.3L,FWD,Automatic,Wagon,JDM/TZ
Toyota,Probox,2018,GL,1.5L 1NZ-FE,FWD,Automatic,Wagon,JDM/TZ
Toyota,Probox,2019,DX,1.3L,FWD,Automatic,Wagon,JDM/TZ
Toyota,Probox,2019,GL,1.5L 1NZ-FE,FWD,Automatic,Wagon,JDM/TZ
Toyota,Probox,2020,DX,1.3L,FWD,Automatic,Wagon,JDM/TZ
Toyota,Probox,2020,GL,1.5L 1NZ-FE,FWD,Automatic,Wagon,JDM/TZ
Toyota,Succeed,2005,TX,1.5L 1NZ-FE,FWD,Automatic,Wagon,JDM/TZ
Toyota,Succeed,2005,UL,1.5L 1NZ-FE,FWD,Automatic,Wagon,JDM/TZ
Toyota,Succeed,2006,TX,1.5L 1NZ-FE,FWD,Automatic,Wagon,JDM/TZ
Toyota,Succeed,2006,UL,1.5L 1NZ-FE,FWD,Automatic,Wagon,JDM/TZ
Toyota,Succeed,2007,TX,1.5L 1NZ-FE,FWD,Automatic,Wagon,JDM/TZ
Toyota,Succeed,2007,UL,1.5L 1NZ-FE,FWD,Automatic,Wagon,JDM/TZ
Toyota,Succeed,2008,TX,1.5L 1NZ-FE,FWD,Automatic,Wagon,JDM/TZ
Toyota,Succeed,2008,UL,1.5L 1NZ-FE,FWD,Automatic,Wagon,JDM/TZ
Toyota,Succeed,2009,TX,1.5L 1NZ-FE,FWD,Automatic,Wagon,JDM/TZ
Toyota,Succeed,2009,UL,1.5L 1NZ-FE,FWD,Automatic,Wagon,JDM/TZ
Toyota,Succeed,2010,TX,1.5L 1NZ-FE,FWD,Automatic,Wagon,JDM/TZ
Toyota,Succeed,2010,UL,1.5L 1NZ-FE,FWD,Automatic,Wagon,JDM/TZ
Toyota,Succeed,2011,TX,1.5L 1NZ-FE,FWD,Automatic,Wagon,JDM/TZ
Toyota,Succeed,2011,UL,1.5L 1NZ-FE,FWD,Automatic,Wagon,JDM/TZ
Toyota,Succeed,2012,TX,1.5L 1NZ-FE,FWD,Automatic,Wagon,JDM/TZ
Toyota,Succeed,2012,UL,1.5L 1NZ-FE,FWD,Automatic,Wagon,JDM/TZ
Toyota,Succeed,2013,TX,1.5L 1NZ-FE,FWD,Automatic,Wagon,JDM/TZ
Toyota,Succeed,2013,UL,1.5L 1NZ-FE,FWD,Automatic,Wagon,JDM/TZ
Toyota,Succeed,2014,TX,1.5L 1NZ-FE,FWD,Automatic,Wagon,JDM/TZ
Toyota,Succeed,2014,UL,1.5L 1NZ-FE,FWD,Automatic,Wagon,JDM/TZ
Toyota,Succeed,2015,TX,1.5L 1NZ-FE,FWD,Automatic,Wagon,JDM/TZ
Toyota,Succeed,2015,UL,1.5L 1NZ-FE,FWD,Automatic,Wagon,JDM/TZ
Toyota,Succeed,2016,TX,1.5L 1NZ-FE,FWD,Automatic,Wagon,JDM/TZ
Toyota,Succeed,2016,UL,1.5L 1NZ-FE,FWD,Automatic,Wagon,JDM/TZ
Toyota,Succeed,2017,TX,1.5L 1NZ-FE,FWD,Automatic,Wagon,JDM/TZ
Toyota,Succeed,2017,UL,1.5L 1NZ-FE,FWD,Automatic,Wagon,JDM/TZ
Toyota,Succeed,2018,TX,1.5L 1NZ-FE,FWD,Automatic,Wagon,JDM/TZ
Toyota,Succeed,2018,UL,1.5L 1NZ-FE,FWD,Automatic,Wagon,JDM/TZ
Toyota,Succeed,2019,TX,1.5L 1NZ-FE,FWD,Automatic,Wagon,JDM/TZ
Toyota,Succeed,2019,UL,1.5L 1NZ-FE,FWD,Automatic,Wagon,JDM/TZ
Toyota,Succeed,2020,TX,1.5L 1NZ-FE,FWD,Automatic,Wagon,JDM/TZ
Toyota,Succeed,2020,UL,1.5L 1NZ-FE,FWD,Automatic,Wagon,JDM/TZ
Toyota,Hiace,2005,DX,3.0L Diesel 1KD,FWD,Automatic,Van/Minivan,JDM/TZ
Toyota,Hiace,2005,Super GL,3.0L Diesel,FWD,Automatic,Van/Minivan,JDM/TZ
Toyota,Hiace,2006,DX,3.0L Diesel 1KD,FWD,Automatic,Van/Minivan,JDM/TZ
Toyota,Hiace,2006,Super GL,3.0L Diesel,FWD,Automatic,Van/Minivan,JDM/TZ
Toyota,Hiace,2007,DX,3.0L Diesel 1KD,FWD,Automatic,Van/Minivan,JDM/TZ
Toyota,Hiace,2007,Super GL,3.0L Diesel,FWD,Automatic,Van/Minivan,JDM/TZ
Toyota,Hiace,2008,DX,3.0L Diesel 1KD,FWD,Automatic,Van/Minivan,JDM/TZ
Toyota,Hiace,2008,Super GL,3.0L Diesel,FWD,Automatic,Van/Minivan,JDM/TZ
Toyota,Hiace,2009,DX,3.0L Diesel 1KD,FWD,Automatic,Van/Minivan,JDM/TZ
Toyota,Hiace,2009,Super GL,3.0L Diesel,FWD,Automatic,Van/Minivan,JDM/TZ
Toyota,Hiace,2010,DX,3.0L Diesel 1KD,FWD,Automatic,Van/Minivan,JDM/TZ
Toyota,Hiace,2010,Super GL,3.0L Diesel,FWD,Automatic,Van/Minivan,JDM/TZ
Toyota,Hiace,2011,DX,3.0L Diesel 1KD,FWD,Automatic,Van/Minivan,JDM/TZ
Toyota,Hiace,2011,Super GL,3.0L Diesel,FWD,Automatic,Van/Minivan,JDM/TZ
Toyota,Hiace,2012,DX,3.0L Diesel 1KD,FWD,Automatic,Van/Minivan,JDM/TZ
Toyota,Hiace,2012,Super GL,3.0L Diesel,FWD,Automatic,Van/Minivan,JDM/TZ
Toyota,Hiace,2013,DX,3.0L Diesel 1KD,FWD,Automatic,Van/Minivan,JDM/TZ
Toyota,Hiace,2013,Super GL,3.0L Diesel,FWD,Automatic,Van/Minivan,JDM/TZ
Toyota,Hiace,2014,DX,3.0L Diesel 1KD,FWD,Automatic,Van/Minivan,JDM/TZ
Toyota,Hiace,2014,Super GL,3.0L Diesel,FWD,Automatic,Van/Minivan,JDM/TZ
Toyota,Hiace,2015,DX,3.0L Diesel 1KD,FWD,Automatic,Van/Minivan,JDM/TZ
Toyota,Hiace,2015,Super GL,3.0L Diesel,FWD,Automatic,Van/Minivan,JDM/TZ
Toyota,Hiace,2016,DX,3.0L Diesel 1KD,FWD,Automatic,Van/Minivan,JDM/TZ
Toyota,Hiace,2016,Super GL,3.0L Diesel,FWD,Automatic,Van/Minivan,JDM/TZ
Toyota,Hiace,2017,DX,3.0L Diesel 1KD,FWD,Automatic,Van/Minivan,JDM/TZ
Toyota,Hiace,2017,Super GL,3.0L Diesel,FWD,Automatic,Van/Minivan,JDM/TZ
Toyota,Hiace,2018,DX,3.0L Diesel 1KD,FWD,Automatic,Van/Minivan,JDM/TZ
Toyota,Hiace,2018,Super GL,3.0L Diesel,FWD,Automatic,Van/Minivan,JDM/TZ
Toyota,Hiace,2019,DX,3.0L Diesel 1KD,FWD,Automatic,Van/Minivan,JDM/TZ
Toyota,Hiace,2019,Super GL,3.0L Diesel,FWD,Automatic,Van/Minivan,JDM/TZ
Toyota,Hiace,2020,DX,3.0L Diesel 1KD,FWD,Automatic,Van/Minivan,JDM/TZ
Toyota,Hiace,2020,Super GL,3.0L Diesel,FWD,Automatic,Van/Minivan,JDM/TZ
Toyota,Hiace,2021,DX,3.0L Diesel 1KD,FWD,Automatic,Van/Minivan,JDM/TZ
Toyota,Hiace,2021,Super GL,3.0L Diesel,FWD,Automatic,Van/Minivan,JDM/TZ
Toyota,Hiace,2022,DX,3.0L Diesel 1KD,FWD,Automatic,Van/Minivan,JDM/TZ
Toyota,Hiace,2022,Super GL,3.0L Diesel,FWD,Automatic,Van/Minivan,JDM/TZ
Toyota,Hiace,2023,DX,3.0L Diesel 1KD,FWD,Automatic,Van/Minivan,JDM/TZ
Toyota,Hiace,2023,Super GL,3.0L Diesel,FWD,Automatic,Van/Minivan,JDM/TZ
Toyota,Coaster,2005,EX,4.0L Diesel 1W,FWD,Automatic,Bus,JDM/TZ
Toyota,Coaster,2005,LX,4.0L Diesel,FWD,Automatic,Bus,JDM/TZ
Toyota,Coaster,2006,EX,4.0L Diesel 1W,FWD,Automatic,Bus,JDM/TZ
Toyota,Coaster,2006,LX,4.0L Diesel,FWD,Automatic,Bus,JDM/TZ
Toyota,Coaster,2007,EX,4.0L Diesel 1W,FWD,Automatic,Bus,JDM/TZ
Toyota,Coaster,2007,LX,4.0L Diesel,FWD,Automatic,Bus,JDM/TZ
Toyota,Coaster,2008,EX,4.0L Diesel 1W,FWD,Automatic,Bus,JDM/TZ
Toyota,Coaster,2008,LX,4.0L Diesel,FWD,Automatic,Bus,JDM/TZ
Toyota,Coaster,2009,EX,4.0L Diesel 1W,FWD,Automatic,Bus,JDM/TZ
Toyota,Coaster,2009,LX,4.0L Diesel,FWD,Automatic,Bus,JDM/TZ
Toyota,Coaster,2010,EX,4.0L Diesel 1W,FWD,Automatic,Bus,JDM/TZ
Toyota,Coaster,2010,LX,4.0L Diesel,FWD,Automatic,Bus,JDM/TZ
Toyota,Coaster,2011,EX,4.0L Diesel 1W,FWD,Automatic,Bus,JDM/TZ
Toyota,Coaster,2011,LX,4.0L Diesel,FWD,Automatic,Bus,JDM/TZ
Toyota,Coaster,2012,EX,4.0L Diesel 1W,FWD,Automatic,Bus,JDM/TZ
Toyota,Coaster,2012,LX,4.0L Diesel,FWD,Automatic,Bus,JDM/TZ
Toyota,Coaster,2013,EX,4.0L Diesel 1W,FWD,Automatic,Bus,JDM/TZ
Toyota,Coaster,2013,LX,4.0L Diesel,FWD,Automatic,Bus,JDM/TZ
Toyota,Coaster,2014,EX,4.0L Diesel 1W,FWD,Automatic,Bus,JDM/TZ
Toyota,Coaster,2014,LX,4.0L Diesel,FWD,Automatic,Bus,JDM/TZ
Toyota,Coaster,2015,EX,4.0L Diesel 1W,FWD,Automatic,Bus,JDM/TZ
Toyota,Coaster,2015,LX,4.0L Diesel,FWD,Automatic,Bus,JDM/TZ
Toyota,Coaster,2016,EX,4.0L Diesel 1W,FWD,Automatic,Bus,JDM/TZ
Toyota,Coaster,2016,LX,4.0L Diesel,FWD,Automatic,Bus,JDM/TZ
Toyota,Coaster,2017,EX,4.0L Diesel 1W,FWD,Automatic,Bus,JDM/TZ
Toyota,Coaster,2017,LX,4.0L Diesel,FWD,Automatic,Bus,JDM/TZ
Toyota,Coaster,2018,EX,4.0L Diesel 1W,FWD,Automatic,Bus,JDM/TZ
Toyota,Coaster,2018,LX,4.0L Diesel,FWD,Automatic,Bus,JDM/TZ
Toyota,Coaster,2019,EX,4.0L Diesel 1W,FWD,Automatic,Bus,JDM/TZ
Toyota,Coaster,2019,LX,4.0L Diesel,FWD,Automatic,Bus,JDM/TZ
Toyota,Coaster,2020,EX,4.0L Diesel 1W,FWD,Automatic,Bus,JDM/TZ
Toyota,Coaster,2020,LX,4.0L Diesel,FWD,Automatic,Bus,JDM/TZ
Toyota,Coaster,2021,EX,4.0L Diesel 1W,FWD,Automatic,Bus,JDM/TZ
Toyota,Coaster,2021,LX,4.0L Diesel,FWD,Automatic,Bus,JDM/TZ
Toyota,Coaster,2022,EX,4.0L Diesel 1W,FWD,Automatic,Bus,JDM/TZ
Toyota,Coaster,2022,LX,4.0L Diesel,FWD,Automatic,Bus,JDM/TZ
Toyota,Coaster,2023,EX,4.0L Diesel 1W,FWD,Automatic,Bus,JDM/TZ
Toyota,Coaster,2023,LX,4.0L Diesel,FWD,Automatic,Bus,JDM/TZ
Toyota,Mark X,2005,250G,2.5L 4GR-FSE V6,RWD,Automatic,Sedan,JDM/TZ
Toyota,Mark X,2005,300G,3.0L V6,RWD,Automatic,Sedan,JDM/TZ
Toyota,Mark X,2006,250G,2.5L 4GR-FSE V6,RWD,Automatic,Sedan,JDM/TZ
Toyota,Mark X,2006,300G,3.0L V6,RWD,Automatic,Sedan,JDM/TZ
Toyota,Mark X,2007,250G,2.5L 4GR-FSE V6,RWD,Automatic,Sedan,JDM/TZ
Toyota,Mark X,2007,300G,3.0L V6,RWD,Automatic,Sedan,JDM/TZ
Toyota,Mark X,2008,250G,2.5L 4GR-FSE V6,RWD,Automatic,Sedan,JDM/TZ
Toyota,Mark X,2008,300G,3.0L V6,RWD,Automatic,Sedan,JDM/TZ
Toyota,Mark X,2009,250G,2.5L 4GR-FSE V6,RWD,Automatic,Sedan,JDM/TZ
Toyota,Mark X,2009,300G,3.0L V6,RWD,Automatic,Sedan,JDM/TZ
Toyota,Mark X,2010,250G,2.5L 4GR-FSE V6,RWD,Automatic,Sedan,JDM/TZ
Toyota,Mark X,2010,300G,3.0L V6,RWD,Automatic,Sedan,JDM/TZ
Toyota,Mark X,2011,250G,2.5L 4GR-FSE V6,RWD,Automatic,Sedan,JDM/TZ
Toyota,Mark X,2011,300G,3.0L V6,RWD,Automatic,Sedan,JDM/TZ
Toyota,Mark X,2012,250G,2.5L 4GR-FSE V6,RWD,Automatic,Sedan,JDM/TZ
Toyota,Mark X,2012,300G,3.0L V6,RWD,Automatic,Sedan,JDM/TZ
Toyota,Mark X,2013,250G,2.5L 4GR-FSE V6,RWD,Automatic,Sedan,JDM/TZ
Toyota,Mark X,2013,300G,3.0L V6,RWD,Automatic,Sedan,JDM/TZ
Toyota,Mark X,2014,250G,2.5L 4GR-FSE V6,RWD,Automatic,Sedan,JDM/TZ
Toyota,Mark X,2014,300G,3.0L V6,RWD,Automatic,Sedan,JDM/TZ
Toyota,Mark X,2015,250G,2.5L 4GR-FSE V6,RWD,Automatic,Sedan,JDM/TZ
Toyota,Mark X,2015,300G,3.0L V6,RWD,Automatic,Sedan,JDM/TZ
Toyota,Mark X,2016,250G,2.5L 4GR-FSE V6,RWD,Automatic,Sedan,JDM/TZ
Toyota,Mark X,2016,300G,3.0L V6,RWD,Automatic,Sedan,JDM/TZ
Toyota,Mark X,2017,250G,2.5L 4GR-FSE V6,RWD,Automatic,Sedan,JDM/TZ
Toyota,Mark X,2017,300G,3.0L V6,RWD,Automatic,Sedan,JDM/TZ
Toyota,Mark X,2018,250G,2.5L 4GR-FSE V6,RWD,Automatic,Sedan,JDM/TZ
Toyota,Mark X,2018,300G,3.0L V6,RWD,Automatic,Sedan,JDM/TZ
Toyota,Mark X,2019,250G,2.5L 4GR-FSE V6,RWD,Automatic,Sedan,JDM/TZ
Toyota,Mark X,2019,300G,3.0L V6,RWD,Automatic,Sedan,JDM/TZ
Toyota,Brevis,2005,Ai250,2.5L 1JZ-FSE,RWD,Automatic,Sedan,JDM/TZ
Toyota,Brevis,2005,Ai300,3.0L 2JZ-FSE,RWD,Automatic,Sedan,JDM/TZ
Toyota,Brevis,2006,Ai250,2.5L 1JZ-FSE,RWD,Automatic,Sedan,JDM/TZ
Toyota,Brevis,2006,Ai300,3.0L 2JZ-FSE,RWD,Automatic,Sedan,JDM/TZ
Toyota,Brevis,2007,Ai250,2.5L 1JZ-FSE,RWD,Automatic,Sedan,JDM/TZ
Toyota,Brevis,2007,Ai300,3.0L 2JZ-FSE,RWD,Automatic,Sedan,JDM/TZ
Toyota,Premio,2005,F,1.5L 1NZ-FE,FWD,Automatic,Sedan,JDM/TZ
Toyota,Premio,2005,X,1.8L 2ZR-FE,FWD,Automatic,Sedan,JDM/TZ
Toyota,Premio,2005,G,2.0L 3ZR-FAE,FWD,Automatic,Sedan,JDM/TZ
Toyota,Premio,2006,F,1.5L 1NZ-FE,FWD,Automatic,Sedan,JDM/TZ
Toyota,Premio,2006,X,1.8L 2ZR-FE,FWD,Automatic,Sedan,JDM/TZ
Toyota,Premio,2006,G,2.0L 3ZR-FAE,FWD,Automatic,Sedan,JDM/TZ
Toyota,Premio,2007,F,1.5L 1NZ-FE,FWD,Automatic,Sedan,JDM/TZ
Toyota,Premio,2007,X,1.8L 2ZR-FE,FWD,Automatic,Sedan,JDM/TZ
Toyota,Premio,2007,G,2.0L 3ZR-FAE,FWD,Automatic,Sedan,JDM/TZ
Toyota,Premio,2008,F,1.5L 1NZ-FE,FWD,Automatic,Sedan,JDM/TZ
Toyota,Premio,2008,X,1.8L 2ZR-FE,FWD,Automatic,Sedan,JDM/TZ
Toyota,Premio,2008,G,2.0L 3ZR-FAE,FWD,Automatic,Sedan,JDM/TZ
Toyota,Premio,2009,F,1.5L 1NZ-FE,FWD,Automatic,Sedan,JDM/TZ
Toyota,Premio,2009,X,1.8L 2ZR-FE,FWD,Automatic,Sedan,JDM/TZ
Toyota,Premio,2009,G,2.0L 3ZR-FAE,FWD,Automatic,Sedan,JDM/TZ
Toyota,Premio,2010,F,1.5L 1NZ-FE,FWD,Automatic,Sedan,JDM/TZ
Toyota,Premio,2010,X,1.8L 2ZR-FE,FWD,Automatic,Sedan,JDM/TZ
Toyota,Premio,2010,G,2.0L 3ZR-FAE,FWD,Automatic,Sedan,JDM/TZ
Toyota,Premio,2011,F,1.5L 1NZ-FE,FWD,Automatic,Sedan,JDM/TZ
Toyota,Premio,2011,X,1.8L 2ZR-FE,FWD,Automatic,Sedan,JDM/TZ
Toyota,Premio,2011,G,2.0L 3ZR-FAE,FWD,Automatic,Sedan,JDM/TZ
Toyota,Premio,2012,F,1.5L 1NZ-FE,FWD,Automatic,Sedan,JDM/TZ
Toyota,Premio,2012,X,1.8L 2ZR-FE,FWD,Automatic,Sedan,JDM/TZ
Toyota,Premio,2012,G,2.0L 3ZR-FAE,FWD,Automatic,Sedan,JDM/TZ
Toyota,Premio,2013,F,1.5L 1NZ-FE,FWD,Automatic,Sedan,JDM/TZ
Toyota,Premio,2013,X,1.8L 2ZR-FE,FWD,Automatic,Sedan,JDM/TZ
Toyota,Premio,2013,G,2.0L 3ZR-FAE,FWD,Automatic,Sedan,JDM/TZ
Toyota,Premio,2014,F,1.5L 1NZ-FE,FWD,Automatic,Sedan,JDM/TZ
Toyota,Premio,2014,X,1.8L 2ZR-FE,FWD,Automatic,Sedan,JDM/TZ
Toyota,Premio,2014,G,2.0L 3ZR-FAE,FWD,Automatic,Sedan,JDM/TZ
Toyota,Premio,2015,F,1.5L 1NZ-FE,FWD,Automatic,Sedan,JDM/TZ
Toyota,Premio,2015,X,1.8L 2ZR-FE,FWD,Automatic,Sedan,JDM/TZ
Toyota,Premio,2015,G,2.0L 3ZR-FAE,FWD,Automatic,Sedan,JDM/TZ
Toyota,Premio,2016,F,1.5L 1NZ-FE,FWD,Automatic,Sedan,JDM/TZ
Toyota,Premio,2016,X,1.8L 2ZR-FE,FWD,Automatic,Sedan,JDM/TZ
Toyota,Premio,2016,G,2.0L 3ZR-FAE,FWD,Automatic,Sedan,JDM/TZ
Toyota,Premio,2017,F,1.5L 1NZ-FE,FWD,Automatic,Sedan,JDM/TZ
Toyota,Premio,2017,X,1.8L 2ZR-FE,FWD,Automatic,Sedan,JDM/TZ
Toyota,Premio,2017,G,2.0L 3ZR-FAE,FWD,Automatic,Sedan,JDM/TZ
Toyota,Premio,2018,F,1.5L 1NZ-FE,FWD,Automatic,Sedan,JDM/TZ
Toyota,Premio,2018,X,1.8L 2ZR-FE,FWD,Automatic,Sedan,JDM/TZ
Toyota,Premio,2018,G,2.0L 3ZR-FAE,FWD,Automatic,Sedan,JDM/TZ
Toyota,Premio,2019,F,1.5L 1NZ-FE,FWD,Automatic,Sedan,JDM/TZ
Toyota,Premio,2019,X,1.8L 2ZR-FE,FWD,Automatic,Sedan,JDM/TZ
Toyota,Premio,2019,G,2.0L 3ZR-FAE,FWD,Automatic,Sedan,JDM/TZ
Toyota,Premio,2020,F,1.5L 1NZ-FE,FWD,Automatic,Sedan,JDM/TZ
Toyota,Premio,2020,X,1.8L 2ZR-FE,FWD,Automatic,Sedan,JDM/TZ
Toyota,Premio,2020,G,2.0L 3ZR-FAE,FWD,Automatic,Sedan,JDM/TZ
Toyota,Premio,2021,F,1.5L 1NZ-FE,FWD,Automatic,Sedan,JDM/TZ
Toyota,Premio,2021,X,1.8L 2ZR-FE,FWD,Automatic,Sedan,JDM/TZ
Toyota,Premio,2021,G,2.0L 3ZR-FAE,FWD,Automatic,Sedan,JDM/TZ
Toyota,Allion,2005,A15,1.5L 1NZ-FE,FWD,Automatic,Sedan,JDM/TZ
Toyota,Allion,2005,A18,1.8L 2ZR-FE,FWD,Automatic,Sedan,JDM/TZ
Toyota,Allion,2005,A20,2.0L 3ZR-FAE,FWD,Automatic,Sedan,JDM/TZ
Toyota,Allion,2006,A15,1.5L 1NZ-FE,FWD,Automatic,Sedan,JDM/TZ
Toyota,Allion,2006,A18,1.8L 2ZR-FE,FWD,Automatic,Sedan,JDM/TZ
Toyota,Allion,2006,A20,2.0L 3ZR-FAE,FWD,Automatic,Sedan,JDM/TZ
Toyota,Allion,2007,A15,1.5L 1NZ-FE,FWD,Automatic,Sedan,JDM/TZ
Toyota,Allion,2007,A18,1.8L 2ZR-FE,FWD,Automatic,Sedan,JDM/TZ
Toyota,Allion,2007,A20,2.0L 3ZR-FAE,FWD,Automatic,Sedan,JDM/TZ
Toyota,Allion,2008,A15,1.5L 1NZ-FE,FWD,Automatic,Sedan,JDM/TZ
Toyota,Allion,2008,A18,1.8L 2ZR-FE,FWD,Automatic,Sedan,JDM/TZ
Toyota,Allion,2008,A20,2.0L 3ZR-FAE,FWD,Automatic,Sedan,JDM/TZ
Toyota,Allion,2009,A15,1.5L 1NZ-FE,FWD,Automatic,Sedan,JDM/TZ
Toyota,Allion,2009,A18,1.8L 2ZR-FE,FWD,Automatic,Sedan,JDM/TZ
Toyota,Allion,2009,A20,2.0L 3ZR-FAE,FWD,Automatic,Sedan,JDM/TZ
Toyota,Allion,2010,A15,1.5L 1NZ-FE,FWD,Automatic,Sedan,JDM/TZ
Toyota,Allion,2010,A18,1.8L 2ZR-FE,FWD,Automatic,Sedan,JDM/TZ
Toyota,Allion,2010,A20,2.0L 3ZR-FAE,FWD,Automatic,Sedan,JDM/TZ
Toyota,Allion,2011,A15,1.5L 1NZ-FE,FWD,Automatic,Sedan,JDM/TZ
Toyota,Allion,2011,A18,1.8L 2ZR-FE,FWD,Automatic,Sedan,JDM/TZ
Toyota,Allion,2011,A20,2.0L 3ZR-FAE,FWD,Automatic,Sedan,JDM/TZ
Toyota,Allion,2012,A15,1.5L 1NZ-FE,FWD,Automatic,Sedan,JDM/TZ
Toyota,Allion,2012,A18,1.8L 2ZR-FE,FWD,Automatic,Sedan,JDM/TZ
Toyota,Allion,2012,A20,2.0L 3ZR-FAE,FWD,Automatic,Sedan,JDM/TZ
Toyota,Allion,2013,A15,1.5L 1NZ-FE,FWD,Automatic,Sedan,JDM/TZ
Toyota,Allion,2013,A18,1.8L 2ZR-FE,FWD,Automatic,Sedan,JDM/TZ
Toyota,Allion,2013,A20,2.0L 3ZR-FAE,FWD,Automatic,Sedan,JDM/TZ
Toyota,Allion,2014,A15,1.5L 1NZ-FE,FWD,Automatic,Sedan,JDM/TZ
Toyota,Allion,2014,A18,1.8L 2ZR-FE,FWD,Automatic,Sedan,JDM/TZ
Toyota,Allion,2014,A20,2.0L 3ZR-FAE,FWD,Automatic,Sedan,JDM/TZ
Toyota,Allion,2015,A15,1.5L 1NZ-FE,FWD,Automatic,Sedan,JDM/TZ
Toyota,Allion,2015,A18,1.8L 2ZR-FE,FWD,Automatic,Sedan,JDM/TZ
Toyota,Allion,2015,A20,2.0L 3ZR-FAE,FWD,Automatic,Sedan,JDM/TZ
Toyota,Allion,2016,A15,1.5L 1NZ-FE,FWD,Automatic,Sedan,JDM/TZ
Toyota,Allion,2016,A18,1.8L 2ZR-FE,FWD,Automatic,Sedan,JDM/TZ
Toyota,Allion,2016,A20,2.0L 3ZR-FAE,FWD,Automatic,Sedan,JDM/TZ
Toyota,Allion,2017,A15,1.5L 1NZ-FE,FWD,Automatic,Sedan,JDM/TZ
Toyota,Allion,2017,A18,1.8L 2ZR-FE,FWD,Automatic,Sedan,JDM/TZ
Toyota,Allion,2017,A20,2.0L 3ZR-FAE,FWD,Automatic,Sedan,JDM/TZ
Toyota,Allion,2018,A15,1.5L 1NZ-FE,FWD,Automatic,Sedan,JDM/TZ
Toyota,Allion,2018,A18,1.8L 2ZR-FE,FWD,Automatic,Sedan,JDM/TZ
Toyota,Allion,2018,A20,2.0L 3ZR-FAE,FWD,Automatic,Sedan,JDM/TZ
Toyota,Allion,2019,A15,1.5L 1NZ-FE,FWD,Automatic,Sedan,JDM/TZ
Toyota,Allion,2019,A18,1.8L 2ZR-FE,FWD,Automatic,Sedan,JDM/TZ
Toyota,Allion,2019,A20,2.0L 3ZR-FAE,FWD,Automatic,Sedan,JDM/TZ
Toyota,Allion,2020,A15,1.5L 1NZ-FE,FWD,Automatic,Sedan,JDM/TZ
Toyota,Allion,2020,A18,1.8L 2ZR-FE,FWD,Automatic,Sedan,JDM/TZ
Toyota,Allion,2020,A20,2.0L 3ZR-FAE,FWD,Automatic,Sedan,JDM/TZ
Toyota,Allion,2021,A15,1.5L 1NZ-FE,FWD,Automatic,Sedan,JDM/TZ
Toyota,Allion,2021,A18,1.8L 2ZR-FE,FWD,Automatic,Sedan,JDM/TZ
Toyota,Allion,2021,A20,2.0L 3ZR-FAE,FWD,Automatic,Sedan,JDM/TZ
Toyota,Corolla Fielder,2005,X,1.5L 1NZ-FE,FWD,Automatic,Wagon,JDM/TZ
Toyota,Corolla Fielder,2005,S,1.8L 2ZR-FE,FWD,Automatic,Wagon,JDM/TZ
Toyota,Corolla Fielder,2006,X,1.5L 1NZ-FE,FWD,Automatic,Wagon,JDM/TZ
Toyota,Corolla Fielder,2006,S,1.8L 2ZR-FE,FWD,Automatic,Wagon,JDM/TZ
Toyota,Corolla Fielder,2007,X,1.5L 1NZ-FE,FWD,Automatic,Wagon,JDM/TZ
Toyota,Corolla Fielder,2007,S,1.8L 2ZR-FE,FWD,Automatic,Wagon,JDM/TZ
Toyota,Corolla Fielder,2008,X,1.5L 1NZ-FE,FWD,Automatic,Wagon,JDM/TZ
Toyota,Corolla Fielder,2008,S,1.8L 2ZR-FE,FWD,Automatic,Wagon,JDM/TZ
Toyota,Corolla Fielder,2009,X,1.5L 1NZ-FE,FWD,Automatic,Wagon,JDM/TZ
Toyota,Corolla Fielder,2009,S,1.8L 2ZR-FE,FWD,Automatic,Wagon,JDM/TZ
Toyota,Corolla Fielder,2010,X,1.5L 1NZ-FE,FWD,Automatic,Wagon,JDM/TZ
Toyota,Corolla Fielder,2010,S,1.8L 2ZR-FE,FWD,Automatic,Wagon,JDM/TZ
Toyota,Corolla Fielder,2011,X,1.5L 1NZ-FE,FWD,Automatic,Wagon,JDM/TZ
Toyota,Corolla Fielder,2011,S,1.8L 2ZR-FE,FWD,Automatic,Wagon,JDM/TZ
Toyota,Corolla Fielder,2012,X,1.5L 1NZ-FE,FWD,Automatic,Wagon,JDM/TZ
Toyota,Corolla Fielder,2012,S,1.8L 2ZR-FE,FWD,Automatic,Wagon,JDM/TZ
Toyota,Corolla Fielder,2013,X,1.5L 1NZ-FE,FWD,Automatic,Wagon,JDM/TZ
Toyota,Corolla Fielder,2013,S,1.8L 2ZR-FE,FWD,Automatic,Wagon,JDM/TZ
Toyota,Corolla Fielder,2014,X,1.5L 1NZ-FE,FWD,Automatic,Wagon,JDM/TZ
Toyota,Corolla Fielder,2014,S,1.8L 2ZR-FE,FWD,Automatic,Wagon,JDM/TZ
Toyota,Corolla Fielder,2015,X,1.5L 1NZ-FE,FWD,Automatic,Wagon,JDM/TZ
Toyota,Corolla Fielder,2015,S,1.8L 2ZR-FE,FWD,Automatic,Wagon,JDM/TZ
Toyota,Corolla Fielder,2016,X,1.5L 1NZ-FE,FWD,Automatic,Wagon,JDM/TZ
Toyota,Corolla Fielder,2016,S,1.8L 2ZR-FE,FWD,Automatic,Wagon,JDM/TZ
Toyota,Corolla Fielder,2017,X,1.5L 1NZ-FE,FWD,Automatic,Wagon,JDM/TZ
Toyota,Corolla Fielder,2017,S,1.8L 2ZR-FE,FWD,Automatic,Wagon,JDM/TZ
Toyota,Corolla Fielder,2018,X,1.5L 1NZ-FE,FWD,Automatic,Wagon,JDM/TZ
Toyota,Corolla Fielder,2018,S,1.8L 2ZR-FE,FWD,Automatic,Wagon,JDM/TZ
Toyota,Corolla Fielder,2019,X,1.5L 1NZ-FE,FWD,Automatic,Wagon,JDM/TZ
Toyota,Corolla Fielder,2019,S,1.8L 2ZR-FE,FWD,Automatic,Wagon,JDM/TZ
Toyota,Corolla Fielder,2020,X,1.5L 1NZ-FE,FWD,Automatic,Wagon,JDM/TZ
Toyota,Corolla Fielder,2020,S,1.8L 2ZR-FE,FWD,Automatic,Wagon,JDM/TZ
Toyota,Corolla Fielder,2021,X,1.5L 1NZ-FE,FWD,Automatic,Wagon,JDM/TZ
Toyota,Corolla Fielder,2021,S,1.8L 2ZR-FE,FWD,Automatic,Wagon,JDM/TZ
Toyota,Corolla Axio,2007,X,1.5L 1NZ-FE,FWD,Automatic,Sedan,JDM/TZ
Toyota,Corolla Axio,2007,G,1.5L 1NZ-FE,FWD,Automatic,Sedan,JDM/TZ
Toyota,Corolla Axio,2008,X,1.5L 1NZ-FE,FWD,Automatic,Sedan,JDM/TZ
Toyota,Corolla Axio,2008,G,1.5L 1NZ-FE,FWD,Automatic,Sedan,JDM/TZ
Toyota,Corolla Axio,2009,X,1.5L 1NZ-FE,FWD,Automatic,Sedan,JDM/TZ
Toyota,Corolla Axio,2009,G,1.5L 1NZ-FE,FWD,Automatic,Sedan,JDM/TZ
Toyota,Corolla Axio,2010,X,1.5L 1NZ-FE,FWD,Automatic,Sedan,JDM/TZ
Toyota,Corolla Axio,2010,G,1.5L 1NZ-FE,FWD,Automatic,Sedan,JDM/TZ
Toyota,Corolla Axio,2011,X,1.5L 1NZ-FE,FWD,Automatic,Sedan,JDM/TZ
Toyota,Corolla Axio,2011,G,1.5L 1NZ-FE,FWD,Automatic,Sedan,JDM/TZ
Toyota,Corolla Axio,2012,X,1.5L 1NZ-FE,FWD,Automatic,Sedan,JDM/TZ
Toyota,Corolla Axio,2012,G,1.5L 1NZ-FE,FWD,Automatic,Sedan,JDM/TZ
Toyota,Corolla Axio,2013,X,1.5L 1NZ-FE,FWD,Automatic,Sedan,JDM/TZ
Toyota,Corolla Axio,2013,G,1.5L 1NZ-FE,FWD,Automatic,Sedan,JDM/TZ
Toyota,Corolla Axio,2014,X,1.5L 1NZ-FE,FWD,Automatic,Sedan,JDM/TZ
Toyota,Corolla Axio,2014,G,1.5L 1NZ-FE,FWD,Automatic,Sedan,JDM/TZ
Toyota,Corolla Axio,2015,X,1.5L 1NZ-FE,FWD,Automatic,Sedan,JDM/TZ
Toyota,Corolla Axio,2015,G,1.5L 1NZ-FE,FWD,Automatic,Sedan,JDM/TZ
Toyota,Corolla Axio,2016,X,1.5L 1NZ-FE,FWD,Automatic,Sedan,JDM/TZ
Toyota,Corolla Axio,2016,G,1.5L 1NZ-FE,FWD,Automatic,Sedan,JDM/TZ
Toyota,Corolla Axio,2017,X,1.5L 1NZ-FE,FWD,Automatic,Sedan,JDM/TZ
Toyota,Corolla Axio,2017,G,1.5L 1NZ-FE,FWD,Automatic,Sedan,JDM/TZ
Toyota,Corolla Axio,2018,X,1.5L 1NZ-FE,FWD,Automatic,Sedan,JDM/TZ
Toyota,Corolla Axio,2018,G,1.5L 1NZ-FE,FWD,Automatic,Sedan,JDM/TZ
Toyota,Corolla Axio,2019,X,1.5L 1NZ-FE,FWD,Automatic,Sedan,JDM/TZ
Toyota,Corolla Axio,2019,G,1.5L 1NZ-FE,FWD,Automatic,Sedan,JDM/TZ
Toyota,Corolla Axio,2020,X,1.5L 1NZ-FE,FWD,Automatic,Sedan,JDM/TZ
Toyota,Corolla Axio,2020,G,1.5L 1NZ-FE,FWD,Automatic,Sedan,JDM/TZ
Toyota,Corolla Axio,2021,X,1.5L 1NZ-FE,FWD,Automatic,Sedan,JDM/TZ
Toyota,Corolla Axio,2021,G,1.5L 1NZ-FE,FWD,Automatic,Sedan,JDM/TZ
Toyota,Auris,2007,150X,1.5L 1NZ-FE,FWD,Automatic,Hatchback,JDM/TZ
Toyota,Auris,2007,180G,1.8L 2ZR-FE,FWD,Automatic,Hatchback,JDM/TZ
Toyota,Auris,2008,150X,1.5L 1NZ-FE,FWD,Automatic,Hatchback,JDM/TZ
Toyota,Auris,2008,180G,1.8L 2ZR-FE,FWD,Automatic,Hatchback,JDM/TZ
Toyota,Auris,2009,150X,1.5L 1NZ-FE,FWD,Automatic,Hatchback,JDM/TZ
Toyota,Auris,2009,180G,1.8L 2ZR-FE,FWD,Automatic,Hatchback,JDM/TZ
Toyota,Auris,2010,150X,1.5L 1NZ-FE,FWD,Automatic,Hatchback,JDM/TZ
Toyota,Auris,2010,180G,1.8L 2ZR-FE,FWD,Automatic,Hatchback,JDM/TZ
Toyota,Auris,2011,150X,1.5L 1NZ-FE,FWD,Automatic,Hatchback,JDM/TZ
Toyota,Auris,2011,180G,1.8L 2ZR-FE,FWD,Automatic,Hatchback,JDM/TZ
Toyota,Auris,2012,150X,1.5L 1NZ-FE,FWD,Automatic,Hatchback,JDM/TZ
Toyota,Auris,2012,180G,1.8L 2ZR-FE,FWD,Automatic,Hatchback,JDM/TZ
Toyota,Auris,2013,150X,1.5L 1NZ-FE,FWD,Automatic,Hatchback,JDM/TZ
Toyota,Auris,2013,180G,1.8L 2ZR-FE,FWD,Automatic,Hatchback,JDM/TZ
Toyota,Auris,2014,150X,1.5L 1NZ-FE,FWD,Automatic,Hatchback,JDM/TZ
Toyota,Auris,2014,180G,1.8L 2ZR-FE,FWD,Automatic,Hatchback,JDM/TZ
Toyota,Auris,2015,150X,1.5L 1NZ-FE,FWD,Automatic,Hatchback,JDM/TZ
Toyota,Auris,2015,180G,1.8L 2ZR-FE,FWD,Automatic,Hatchback,JDM/TZ
Toyota,Auris,2016,150X,1.5L 1NZ-FE,FWD,Automatic,Hatchback,JDM/TZ
Toyota,Auris,2016,180G,1.8L 2ZR-FE,FWD,Automatic,Hatchback,JDM/TZ
Toyota,Auris,2017,150X,1.5L 1NZ-FE,FWD,Automatic,Hatchback,JDM/TZ
Toyota,Auris,2017,180G,1.8L 2ZR-FE,FWD,Automatic,Hatchback,JDM/TZ
Toyota,Auris,2018,150X,1.5L 1NZ-FE,FWD,Automatic,Hatchback,JDM/TZ
Toyota,Auris,2018,180G,1.8L 2ZR-FE,FWD,Automatic,Hatchback,JDM/TZ
Toyota,Aqua,2012,L,1.5L 1NZ-FXE Hybrid,FWD,Automatic,Hatchback,JDM/TZ
Toyota,Aqua,2012,S,1.5L Hybrid,FWD,Automatic,Hatchback,JDM/TZ
Toyota,Aqua,2012,G,1.5L Hybrid,FWD,Automatic,Hatchback,JDM/TZ
Toyota,Aqua,2013,L,1.5L 1NZ-FXE Hybrid,FWD,Automatic,Hatchback,JDM/TZ
Toyota,Aqua,2013,S,1.5L Hybrid,FWD,Automatic,Hatchback,JDM/TZ
Toyota,Aqua,2013,G,1.5L Hybrid,FWD,Automatic,Hatchback,JDM/TZ
Toyota,Aqua,2014,L,1.5L 1NZ-FXE Hybrid,FWD,Automatic,Hatchback,JDM/TZ
Toyota,Aqua,2014,S,1.5L Hybrid,FWD,Automatic,Hatchback,JDM/TZ
Toyota,Aqua,2014,G,1.5L Hybrid,FWD,Automatic,Hatchback,JDM/TZ
Toyota,Aqua,2015,L,1.5L 1NZ-FXE Hybrid,FWD,Automatic,Hatchback,JDM/TZ
Toyota,Aqua,2015,S,1.5L Hybrid,FWD,Automatic,Hatchback,JDM/TZ
Toyota,Aqua,2015,G,1.5L Hybrid,FWD,Automatic,Hatchback,JDM/TZ
Toyota,Aqua,2016,L,1.5L 1NZ-FXE Hybrid,FWD,Automatic,Hatchback,JDM/TZ
Toyota,Aqua,2016,S,1.5L Hybrid,FWD,Automatic,Hatchback,JDM/TZ
Toyota,Aqua,2016,G,1.5L Hybrid,FWD,Automatic,Hatchback,JDM/TZ
Toyota,Aqua,2017,L,1.5L 1NZ-FXE Hybrid,FWD,Automatic,Hatchback,JDM/TZ
Toyota,Aqua,2017,S,1.5L Hybrid,FWD,Automatic,Hatchback,JDM/TZ
Toyota,Aqua,2017,G,1.5L Hybrid,FWD,Automatic,Hatchback,JDM/TZ
Toyota,Aqua,2018,L,1.5L 1NZ-FXE Hybrid,FWD,Automatic,Hatchback,JDM/TZ
Toyota,Aqua,2018,S,1.5L Hybrid,FWD,Automatic,Hatchback,JDM/TZ
Toyota,Aqua,2018,G,1.5L Hybrid,FWD,Automatic,Hatchback,JDM/TZ
Toyota,Aqua,2019,L,1.5L 1NZ-FXE Hybrid,FWD,Automatic,Hatchback,JDM/TZ
Toyota,Aqua,2019,S,1.5L Hybrid,FWD,Automatic,Hatchback,JDM/TZ
Toyota,Aqua,2019,G,1.5L Hybrid,FWD,Automatic,Hatchback,JDM/TZ
Toyota,Aqua,2020,L,1.5L 1NZ-FXE Hybrid,FWD,Automatic,Hatchback,JDM/TZ
Toyota,Aqua,2020,S,1.5L Hybrid,FWD,Automatic,Hatchback,JDM/TZ
Toyota,Aqua,2020,G,1.5L Hybrid,FWD,Automatic,Hatchback,JDM/TZ
Toyota,Aqua,2021,L,1.5L 1NZ-FXE Hybrid,FWD,Automatic,Hatchback,JDM/TZ
Toyota,Aqua,2021,S,1.5L Hybrid,FWD,Automatic,Hatchback,JDM/TZ
Toyota,Aqua,2021,G,1.5L Hybrid,FWD,Automatic,Hatchback,JDM/TZ
Toyota,Aqua,2022,L,1.5L 1NZ-FXE Hybrid,FWD,Automatic,Hatchback,JDM/TZ
Toyota,Aqua,2022,S,1.5L Hybrid,FWD,Automatic,Hatchback,JDM/TZ
Toyota,Aqua,2022,G,1.5L Hybrid,FWD,Automatic,Hatchback,JDM/TZ
Toyota,Aqua,2023,L,1.5L 1NZ-FXE Hybrid,FWD,Automatic,Hatchback,JDM/TZ
Toyota,Aqua,2023,S,1.5L Hybrid,FWD,Automatic,Hatchback,JDM/TZ
Toyota,Aqua,2023,G,1.5L Hybrid,FWD,Automatic,Hatchback,JDM/TZ
Nissan,Dualis,2007,20G,2.0L MR20DE,FWD,Automatic,SUV,JDM/TZ
Nissan,Dualis,2007,20S,2.0L MR20DE,FWD,Automatic,SUV,JDM/TZ
Nissan,Dualis,2008,20G,2.0L MR20DE,FWD,Automatic,SUV,JDM/TZ
Nissan,Dualis,2008,20S,2.0L MR20DE,FWD,Automatic,SUV,JDM/TZ
Nissan,Dualis,2009,20G,2.0L MR20DE,FWD,Automatic,SUV,JDM/TZ
Nissan,Dualis,2009,20S,2.0L MR20DE,FWD,Automatic,SUV,JDM/TZ
Nissan,Dualis,2010,20G,2.0L MR20DE,FWD,Automatic,SUV,JDM/TZ
Nissan,Dualis,2010,20S,2.0L MR20DE,FWD,Automatic,SUV,JDM/TZ
Nissan,Dualis,2011,20G,2.0L MR20DE,FWD,Automatic,SUV,JDM/TZ
Nissan,Dualis,2011,20S,2.0L MR20DE,FWD,Automatic,SUV,JDM/TZ
Nissan,Dualis,2012,20G,2.0L MR20DE,FWD,Automatic,SUV,JDM/TZ
Nissan,Dualis,2012,20S,2.0L MR20DE,FWD,Automatic,SUV,JDM/TZ
Nissan,Dualis,2013,20G,2.0L MR20DE,FWD,Automatic,SUV,JDM/TZ
Nissan,Dualis,2013,20S,2.0L MR20DE,FWD,Automatic,SUV,JDM/TZ
Nissan,Dualis,2014,20G,2.0L MR20DE,FWD,Automatic,SUV,JDM/TZ
Nissan,Dualis,2014,20S,2.0L MR20DE,FWD,Automatic,SUV,JDM/TZ
Nissan,X-Trail,2005,20X,2.0L MR20DD,FWD,Automatic,SUV,JDM/TZ
Nissan,X-Trail,2005,20Xt,2.0L,FWD,Automatic,SUV,JDM/TZ
Nissan,X-Trail,2005,Hybrid,2.0L Hybrid,FWD,Automatic,SUV,JDM/TZ
Nissan,X-Trail,2006,20X,2.0L MR20DD,FWD,Automatic,SUV,JDM/TZ
Nissan,X-Trail,2006,20Xt,2.0L,FWD,Automatic,SUV,JDM/TZ
Nissan,X-Trail,2006,Hybrid,2.0L Hybrid,FWD,Automatic,SUV,JDM/TZ
Nissan,X-Trail,2007,20X,2.0L MR20DD,FWD,Automatic,SUV,JDM/TZ
Nissan,X-Trail,2007,20Xt,2.0L,FWD,Automatic,SUV,JDM/TZ
Nissan,X-Trail,2007,Hybrid,2.0L Hybrid,FWD,Automatic,SUV,JDM/TZ
Nissan,X-Trail,2008,20X,2.0L MR20DD,FWD,Automatic,SUV,JDM/TZ
Nissan,X-Trail,2008,20Xt,2.0L,FWD,Automatic,SUV,JDM/TZ
Nissan,X-Trail,2008,Hybrid,2.0L Hybrid,FWD,Automatic,SUV,JDM/TZ
Nissan,X-Trail,2009,20X,2.0L MR20DD,FWD,Automatic,SUV,JDM/TZ
Nissan,X-Trail,2009,20Xt,2.0L,FWD,Automatic,SUV,JDM/TZ
Nissan,X-Trail,2009,Hybrid,2.0L Hybrid,FWD,Automatic,SUV,JDM/TZ
Nissan,X-Trail,2010,20X,2.0L MR20DD,FWD,Automatic,SUV,JDM/TZ
Nissan,X-Trail,2010,20Xt,2.0L,FWD,Automatic,SUV,JDM/TZ
Nissan,X-Trail,2010,Hybrid,2.0L Hybrid,FWD,Automatic,SUV,JDM/TZ
Nissan,X-Trail,2011,20X,2.0L MR20DD,FWD,Automatic,SUV,JDM/TZ
Nissan,X-Trail,2011,20Xt,2.0L,FWD,Automatic,SUV,JDM/TZ
Nissan,X-Trail,2011,Hybrid,2.0L Hybrid,FWD,Automatic,SUV,JDM/TZ
Nissan,X-Trail,2012,20X,2.0L MR20DD,FWD,Automatic,SUV,JDM/TZ
Nissan,X-Trail,2012,20Xt,2.0L,FWD,Automatic,SUV,JDM/TZ
Nissan,X-Trail,2012,Hybrid,2.0L Hybrid,FWD,Automatic,SUV,JDM/TZ
Nissan,X-Trail,2013,20X,2.0L MR20DD,FWD,Automatic,SUV,JDM/TZ
Nissan,X-Trail,2013,20Xt,2.0L,FWD,Automatic,SUV,JDM/TZ
Nissan,X-Trail,2013,Hybrid,2.0L Hybrid,FWD,Automatic,SUV,JDM/TZ
Nissan,X-Trail,2014,20X,2.0L MR20DD,FWD,Automatic,SUV,JDM/TZ
Nissan,X-Trail,2014,20Xt,2.0L,FWD,Automatic,SUV,JDM/TZ
Nissan,X-Trail,2014,Hybrid,2.0L Hybrid,FWD,Automatic,SUV,JDM/TZ
Nissan,X-Trail,2015,20X,2.0L MR20DD,FWD,Automatic,SUV,JDM/TZ
Nissan,X-Trail,2015,20Xt,2.0L,FWD,Automatic,SUV,JDM/TZ
Nissan,X-Trail,2015,Hybrid,2.0L Hybrid,FWD,Automatic,SUV,JDM/TZ
Nissan,X-Trail,2016,20X,2.0L MR20DD,FWD,Automatic,SUV,JDM/TZ
Nissan,X-Trail,2016,20Xt,2.0L,FWD,Automatic,SUV,JDM/TZ
Nissan,X-Trail,2016,Hybrid,2.0L Hybrid,FWD,Automatic,SUV,JDM/TZ
Nissan,X-Trail,2017,20X,2.0L MR20DD,FWD,Automatic,SUV,JDM/TZ
Nissan,X-Trail,2017,20Xt,2.0L,FWD,Automatic,SUV,JDM/TZ
Nissan,X-Trail,2017,Hybrid,2.0L Hybrid,FWD,Automatic,SUV,JDM/TZ
Nissan,X-Trail,2018,20X,2.0L MR20DD,FWD,Automatic,SUV,JDM/TZ
Nissan,X-Trail,2018,20Xt,2.0L,FWD,Automatic,SUV,JDM/TZ
Nissan,X-Trail,2018,Hybrid,2.0L Hybrid,FWD,Automatic,SUV,JDM/TZ
Nissan,X-Trail,2019,20X,2.0L MR20DD,FWD,Automatic,SUV,JDM/TZ
Nissan,X-Trail,2019,20Xt,2.0L,FWD,Automatic,SUV,JDM/TZ
Nissan,X-Trail,2019,Hybrid,2.0L Hybrid,FWD,Automatic,SUV,JDM/TZ
Nissan,X-Trail,2020,20X,2.0L MR20DD,FWD,Automatic,SUV,JDM/TZ
Nissan,X-Trail,2020,20Xt,2.0L,FWD,Automatic,SUV,JDM/TZ
Nissan,X-Trail,2020,Hybrid,2.0L Hybrid,FWD,Automatic,SUV,JDM/TZ
Nissan,X-Trail,2021,20X,2.0L MR20DD,FWD,Automatic,SUV,JDM/TZ
Nissan,X-Trail,2021,20Xt,2.0L,FWD,Automatic,SUV,JDM/TZ
Nissan,X-Trail,2021,Hybrid,2.0L Hybrid,FWD,Automatic,SUV,JDM/TZ
Nissan,X-Trail,2022,20X,2.0L MR20DD,FWD,Automatic,SUV,JDM/TZ
Nissan,X-Trail,2022,20Xt,2.0L,FWD,Automatic,SUV,JDM/TZ
Nissan,X-Trail,2022,Hybrid,2.0L Hybrid,FWD,Automatic,SUV,JDM/TZ
Nissan,X-Trail,2023,20X,2.0L MR20DD,FWD,Automatic,SUV,JDM/TZ
Nissan,X-Trail,2023,20Xt,2.0L,FWD,Automatic,SUV,JDM/TZ
Nissan,X-Trail,2023,Hybrid,2.0L Hybrid,FWD,Automatic,SUV,JDM/TZ
Nissan,Note,2005,15X,1.5L HR15DE,FWD,Automatic,Hatchback,JDM/TZ
Nissan,Note,2005,e-POWER,1.2L Hybrid,FWD,Automatic,Hatchback,JDM/TZ
Nissan,Note,2006,15X,1.5L HR15DE,FWD,Automatic,Hatchback,JDM/TZ
Nissan,Note,2006,e-POWER,1.2L Hybrid,FWD,Automatic,Hatchback,JDM/TZ
Nissan,Note,2007,15X,1.5L HR15DE,FWD,Automatic,Hatchback,JDM/TZ
Nissan,Note,2007,e-POWER,1.2L Hybrid,FWD,Automatic,Hatchback,JDM/TZ
Nissan,Note,2008,15X,1.5L HR15DE,FWD,Automatic,Hatchback,JDM/TZ
Nissan,Note,2008,e-POWER,1.2L Hybrid,FWD,Automatic,Hatchback,JDM/TZ
Nissan,Note,2009,15X,1.5L HR15DE,FWD,Automatic,Hatchback,JDM/TZ
Nissan,Note,2009,e-POWER,1.2L Hybrid,FWD,Automatic,Hatchback,JDM/TZ
Nissan,Note,2010,15X,1.5L HR15DE,FWD,Automatic,Hatchback,JDM/TZ
Nissan,Note,2010,e-POWER,1.2L Hybrid,FWD,Automatic,Hatchback,JDM/TZ
Nissan,Note,2011,15X,1.5L HR15DE,FWD,Automatic,Hatchback,JDM/TZ
Nissan,Note,2011,e-POWER,1.2L Hybrid,FWD,Automatic,Hatchback,JDM/TZ
Nissan,Note,2012,15X,1.5L HR15DE,FWD,Automatic,Hatchback,JDM/TZ
Nissan,Note,2012,e-POWER,1.2L Hybrid,FWD,Automatic,Hatchback,JDM/TZ
Nissan,Note,2013,15X,1.5L HR15DE,FWD,Automatic,Hatchback,JDM/TZ
Nissan,Note,2013,e-POWER,1.2L Hybrid,FWD,Automatic,Hatchback,JDM/TZ
Nissan,Note,2014,15X,1.5L HR15DE,FWD,Automatic,Hatchback,JDM/TZ
Nissan,Note,2014,e-POWER,1.2L Hybrid,FWD,Automatic,Hatchback,JDM/TZ
Nissan,Note,2015,15X,1.5L HR15DE,FWD,Automatic,Hatchback,JDM/TZ
Nissan,Note,2015,e-POWER,1.2L Hybrid,FWD,Automatic,Hatchback,JDM/TZ
Nissan,Note,2016,15X,1.5L HR15DE,FWD,Automatic,Hatchback,JDM/TZ
Nissan,Note,2016,e-POWER,1.2L Hybrid,FWD,Automatic,Hatchback,JDM/TZ
Nissan,Note,2017,15X,1.5L HR15DE,FWD,Automatic,Hatchback,JDM/TZ
Nissan,Note,2017,e-POWER,1.2L Hybrid,FWD,Automatic,Hatchback,JDM/TZ
Nissan,Note,2018,15X,1.5L HR15DE,FWD,Automatic,Hatchback,JDM/TZ
Nissan,Note,2018,e-POWER,1.2L Hybrid,FWD,Automatic,Hatchback,JDM/TZ
Nissan,Note,2019,15X,1.5L HR15DE,FWD,Automatic,Hatchback,JDM/TZ
Nissan,Note,2019,e-POWER,1.2L Hybrid,FWD,Automatic,Hatchback,JDM/TZ
Nissan,Note,2020,15X,1.5L HR15DE,FWD,Automatic,Hatchback,JDM/TZ
Nissan,Note,2020,e-POWER,1.2L Hybrid,FWD,Automatic,Hatchback,JDM/TZ
Nissan,Note,2021,15X,1.5L HR15DE,FWD,Automatic,Hatchback,JDM/TZ
Nissan,Note,2021,e-POWER,1.2L Hybrid,FWD,Automatic,Hatchback,JDM/TZ
Nissan,Note,2022,15X,1.5L HR15DE,FWD,Automatic,Hatchback,JDM/TZ
Nissan,Note,2022,e-POWER,1.2L Hybrid,FWD,Automatic,Hatchback,JDM/TZ
Nissan,Note,2023,15X,1.5L HR15DE,FWD,Automatic,Hatchback,JDM/TZ
Nissan,Note,2023,e-POWER,1.2L Hybrid,FWD,Automatic,Hatchback,JDM/TZ
Nissan,Tiida,2005,15M,1.5L HR15DE,FWD,Automatic,Hatchback,JDM/TZ
Nissan,Tiida,2005,18G,1.8L MR18DE,FWD,Automatic,Hatchback,JDM/TZ
Nissan,Tiida,2006,15M,1.5L HR15DE,FWD,Automatic,Hatchback,JDM/TZ
Nissan,Tiida,2006,18G,1.8L MR18DE,FWD,Automatic,Hatchback,JDM/TZ
Nissan,Tiida,2007,15M,1.5L HR15DE,FWD,Automatic,Hatchback,JDM/TZ
Nissan,Tiida,2007,18G,1.8L MR18DE,FWD,Automatic,Hatchback,JDM/TZ
Nissan,Tiida,2008,15M,1.5L HR15DE,FWD,Automatic,Hatchback,JDM/TZ
Nissan,Tiida,2008,18G,1.8L MR18DE,FWD,Automatic,Hatchback,JDM/TZ
Nissan,Tiida,2009,15M,1.5L HR15DE,FWD,Automatic,Hatchback,JDM/TZ
Nissan,Tiida,2009,18G,1.8L MR18DE,FWD,Automatic,Hatchback,JDM/TZ
Nissan,Tiida,2010,15M,1.5L HR15DE,FWD,Automatic,Hatchback,JDM/TZ
Nissan,Tiida,2010,18G,1.8L MR18DE,FWD,Automatic,Hatchback,JDM/TZ
Nissan,Tiida,2011,15M,1.5L HR15DE,FWD,Automatic,Hatchback,JDM/TZ
Nissan,Tiida,2011,18G,1.8L MR18DE,FWD,Automatic,Hatchback,JDM/TZ
Nissan,Tiida,2012,15M,1.5L HR15DE,FWD,Automatic,Hatchback,JDM/TZ
Nissan,Tiida,2012,18G,1.8L MR18DE,FWD,Automatic,Hatchback,JDM/TZ
Nissan,Tiida,2013,15M,1.5L HR15DE,FWD,Automatic,Hatchback,JDM/TZ
Nissan,Tiida,2013,18G,1.8L MR18DE,FWD,Automatic,Hatchback,JDM/TZ
Nissan,Tiida,2014,15M,1.5L HR15DE,FWD,Automatic,Hatchback,JDM/TZ
Nissan,Tiida,2014,18G,1.8L MR18DE,FWD,Automatic,Hatchback,JDM/TZ
Nissan,Tiida,2015,15M,1.5L HR15DE,FWD,Automatic,Hatchback,JDM/TZ
Nissan,Tiida,2015,18G,1.8L MR18DE,FWD,Automatic,Hatchback,JDM/TZ
Nissan,Tiida,2016,15M,1.5L HR15DE,FWD,Automatic,Hatchback,JDM/TZ
Nissan,Tiida,2016,18G,1.8L MR18DE,FWD,Automatic,Hatchback,JDM/TZ
Nissan,Tiida,2017,15M,1.5L HR15DE,FWD,Automatic,Hatchback,JDM/TZ
Nissan,Tiida,2017,18G,1.8L MR18DE,FWD,Automatic,Hatchback,JDM/TZ
Nissan,Tiida,2018,15M,1.5L HR15DE,FWD,Automatic,Hatchback,JDM/TZ
Nissan,Tiida,2018,18G,1.8L MR18DE,FWD,Automatic,Hatchback,JDM/TZ
Nissan,Juke,2010,15RX,1.5L HR15DE,FWD,Automatic,SUV,JDM/TZ
Nissan,Juke,2010,16GT,1.6L Turbo,FWD,Automatic,SUV,JDM/TZ
Nissan,Juke,2011,15RX,1.5L HR15DE,FWD,Automatic,SUV,JDM/TZ
Nissan,Juke,2011,16GT,1.6L Turbo,FWD,Automatic,SUV,JDM/TZ
Nissan,Juke,2012,15RX,1.5L HR15DE,FWD,Automatic,SUV,JDM/TZ
Nissan,Juke,2012,16GT,1.6L Turbo,FWD,Automatic,SUV,JDM/TZ
Nissan,Juke,2013,15RX,1.5L HR15DE,FWD,Automatic,SUV,JDM/TZ
Nissan,Juke,2013,16GT,1.6L Turbo,FWD,Automatic,SUV,JDM/TZ
Nissan,Juke,2014,15RX,1.5L HR15DE,FWD,Automatic,SUV,JDM/TZ
Nissan,Juke,2014,16GT,1.6L Turbo,FWD,Automatic,SUV,JDM/TZ
Nissan,Juke,2015,15RX,1.5L HR15DE,FWD,Automatic,SUV,JDM/TZ
Nissan,Juke,2015,16GT,1.6L Turbo,FWD,Automatic,SUV,JDM/TZ
Nissan,Juke,2016,15RX,1.5L HR15DE,FWD,Automatic,SUV,JDM/TZ
Nissan,Juke,2016,16GT,1.6L Turbo,FWD,Automatic,SUV,JDM/TZ
Nissan,Juke,2017,15RX,1.5L HR15DE,FWD,Automatic,SUV,JDM/TZ
Nissan,Juke,2017,16GT,1.6L Turbo,FWD,Automatic,SUV,JDM/TZ
Nissan,Juke,2018,15RX,1.5L HR15DE,FWD,Automatic,SUV,JDM/TZ
Nissan,Juke,2018,16GT,1.6L Turbo,FWD,Automatic,SUV,JDM/TZ
Nissan,Juke,2019,15RX,1.5L HR15DE,FWD,Automatic,SUV,JDM/TZ
Nissan,Juke,2019,16GT,1.6L Turbo,FWD,Automatic,SUV,JDM/TZ
Nissan,Juke,2020,15RX,1.5L HR15DE,FWD,Automatic,SUV,JDM/TZ
Nissan,Juke,2020,16GT,1.6L Turbo,FWD,Automatic,SUV,JDM/TZ
Nissan,Juke,2021,15RX,1.5L HR15DE,FWD,Automatic,SUV,JDM/TZ
Nissan,Juke,2021,16GT,1.6L Turbo,FWD,Automatic,SUV,JDM/TZ
Nissan,Juke,2022,15RX,1.5L HR15DE,FWD,Automatic,SUV,JDM/TZ
Nissan,Juke,2022,16GT,1.6L Turbo,FWD,Automatic,SUV,JDM/TZ
Nissan,Juke,2023,15RX,1.5L HR15DE,FWD,Automatic,SUV,JDM/TZ
Nissan,Juke,2023,16GT,1.6L Turbo,FWD,Automatic,SUV,JDM/TZ
Nissan,Patrol,2005,GL,4.8L V6,4WD,Automatic,SUV,JDM/TZ
Nissan,Patrol,2005,LE,5.6L V8,4WD,Automatic,SUV,JDM/TZ
Nissan,Patrol,2005,Safari,4.2L Diesel,4WD,Automatic,SUV,JDM/TZ
Nissan,Patrol,2006,GL,4.8L V6,4WD,Automatic,SUV,JDM/TZ
Nissan,Patrol,2006,LE,5.6L V8,4WD,Automatic,SUV,JDM/TZ
Nissan,Patrol,2006,Safari,4.2L Diesel,4WD,Automatic,SUV,JDM/TZ
Nissan,Patrol,2007,GL,4.8L V6,4WD,Automatic,SUV,JDM/TZ
Nissan,Patrol,2007,LE,5.6L V8,4WD,Automatic,SUV,JDM/TZ
Nissan,Patrol,2007,Safari,4.2L Diesel,4WD,Automatic,SUV,JDM/TZ
Nissan,Patrol,2008,GL,4.8L V6,4WD,Automatic,SUV,JDM/TZ
Nissan,Patrol,2008,LE,5.6L V8,4WD,Automatic,SUV,JDM/TZ
Nissan,Patrol,2008,Safari,4.2L Diesel,4WD,Automatic,SUV,JDM/TZ
Nissan,Patrol,2009,GL,4.8L V6,4WD,Automatic,SUV,JDM/TZ
Nissan,Patrol,2009,LE,5.6L V8,4WD,Automatic,SUV,JDM/TZ
Nissan,Patrol,2009,Safari,4.2L Diesel,4WD,Automatic,SUV,JDM/TZ
Nissan,Patrol,2010,GL,4.8L V6,4WD,Automatic,SUV,JDM/TZ
Nissan,Patrol,2010,LE,5.6L V8,4WD,Automatic,SUV,JDM/TZ
Nissan,Patrol,2010,Safari,4.2L Diesel,4WD,Automatic,SUV,JDM/TZ
Nissan,Patrol,2011,GL,4.8L V6,4WD,Automatic,SUV,JDM/TZ
Nissan,Patrol,2011,LE,5.6L V8,4WD,Automatic,SUV,JDM/TZ
Nissan,Patrol,2011,Safari,4.2L Diesel,4WD,Automatic,SUV,JDM/TZ
Nissan,Patrol,2012,GL,4.8L V6,4WD,Automatic,SUV,JDM/TZ
Nissan,Patrol,2012,LE,5.6L V8,4WD,Automatic,SUV,JDM/TZ
Nissan,Patrol,2012,Safari,4.2L Diesel,4WD,Automatic,SUV,JDM/TZ
Nissan,Patrol,2013,GL,4.8L V6,4WD,Automatic,SUV,JDM/TZ
Nissan,Patrol,2013,LE,5.6L V8,4WD,Automatic,SUV,JDM/TZ
Nissan,Patrol,2013,Safari,4.2L Diesel,4WD,Automatic,SUV,JDM/TZ
Nissan,Patrol,2014,GL,4.8L V6,4WD,Automatic,SUV,JDM/TZ
Nissan,Patrol,2014,LE,5.6L V8,4WD,Automatic,SUV,JDM/TZ
Nissan,Patrol,2014,Safari,4.2L Diesel,4WD,Automatic,SUV,JDM/TZ
Nissan,Patrol,2015,GL,4.8L V6,4WD,Automatic,SUV,JDM/TZ
Nissan,Patrol,2015,LE,5.6L V8,4WD,Automatic,SUV,JDM/TZ
Nissan,Patrol,2015,Safari,4.2L Diesel,4WD,Automatic,SUV,JDM/TZ
Nissan,Patrol,2016,GL,4.8L V6,4WD,Automatic,SUV,JDM/TZ
Nissan,Patrol,2016,LE,5.6L V8,4WD,Automatic,SUV,JDM/TZ
Nissan,Patrol,2016,Safari,4.2L Diesel,4WD,Automatic,SUV,JDM/TZ
Nissan,Patrol,2017,GL,4.8L V6,4WD,Automatic,SUV,JDM/TZ
Nissan,Patrol,2017,LE,5.6L V8,4WD,Automatic,SUV,JDM/TZ
Nissan,Patrol,2017,Safari,4.2L Diesel,4WD,Automatic,SUV,JDM/TZ
Nissan,Patrol,2018,GL,4.8L V6,4WD,Automatic,SUV,JDM/TZ
Nissan,Patrol,2018,LE,5.6L V8,4WD,Automatic,SUV,JDM/TZ
Nissan,Patrol,2018,Safari,4.2L Diesel,4WD,Automatic,SUV,JDM/TZ
Nissan,Patrol,2019,GL,4.8L V6,4WD,Automatic,SUV,JDM/TZ
Nissan,Patrol,2019,LE,5.6L V8,4WD,Automatic,SUV,JDM/TZ
Nissan,Patrol,2019,Safari,4.2L Diesel,4WD,Automatic,SUV,JDM/TZ
Nissan,Patrol,2020,GL,4.8L V6,4WD,Automatic,SUV,JDM/TZ
Nissan,Patrol,2020,LE,5.6L V8,4WD,Automatic,SUV,JDM/TZ
Nissan,Patrol,2020,Safari,4.2L Diesel,4WD,Automatic,SUV,JDM/TZ
Nissan,Patrol,2021,GL,4.8L V6,4WD,Automatic,SUV,JDM/TZ
Nissan,Patrol,2021,LE,5.6L V8,4WD,Automatic,SUV,JDM/TZ
Nissan,Patrol,2021,Safari,4.2L Diesel,4WD,Automatic,SUV,JDM/TZ
Nissan,Patrol,2022,GL,4.8L V6,4WD,Automatic,SUV,JDM/TZ
Nissan,Patrol,2022,LE,5.6L V8,4WD,Automatic,SUV,JDM/TZ
Nissan,Patrol,2022,Safari,4.2L Diesel,4WD,Automatic,SUV,JDM/TZ
Nissan,Patrol,2023,GL,4.8L V6,4WD,Automatic,SUV,JDM/TZ
Nissan,Patrol,2023,LE,5.6L V8,4WD,Automatic,SUV,JDM/TZ
Nissan,Patrol,2023,Safari,4.2L Diesel,4WD,Automatic,SUV,JDM/TZ
Nissan,Hardbody,2005,NP300,2.5L Diesel,4WD,Automatic,Truck,JDM/TZ
Nissan,Hardbody,2006,NP300,2.5L Diesel,4WD,Automatic,Truck,JDM/TZ
Nissan,Hardbody,2007,NP300,2.5L Diesel,4WD,Automatic,Truck,JDM/TZ
Nissan,Hardbody,2008,NP300,2.5L Diesel,4WD,Automatic,Truck,JDM/TZ
Nissan,Hardbody,2009,NP300,2.5L Diesel,4WD,Automatic,Truck,JDM/TZ
Nissan,Hardbody,2010,NP300,2.5L Diesel,4WD,Automatic,Truck,JDM/TZ
Nissan,Hardbody,2011,NP300,2.5L Diesel,4WD,Automatic,Truck,JDM/TZ
Nissan,Hardbody,2012,NP300,2.5L Diesel,4WD,Automatic,Truck,JDM/TZ
Nissan,Hardbody,2013,NP300,2.5L Diesel,4WD,Automatic,Truck,JDM/TZ
Nissan,Hardbody,2014,NP300,2.5L Diesel,4WD,Automatic,Truck,JDM/TZ
Nissan,Hardbody,2015,NP300,2.5L Diesel,4WD,Automatic,Truck,JDM/TZ
Nissan,Hardbody,2016,NP300,2.5L Diesel,4WD,Automatic,Truck,JDM/TZ
Nissan,Hardbody,2017,NP300,2.5L Diesel,4WD,Automatic,Truck,JDM/TZ
Nissan,Hardbody,2018,NP300,2.5L Diesel,4WD,Automatic,Truck,JDM/TZ
Nissan,Hardbody,2019,NP300,2.5L Diesel,4WD,Automatic,Truck,JDM/TZ
Nissan,Hardbody,2020,NP300,2.5L Diesel,4WD,Automatic,Truck,JDM/TZ
Nissan,Navara,2008,LE,2.5L Diesel,4WD,Automatic,Truck,JDM/TZ
Nissan,Navara,2008,PRO-4X,2.5L Diesel,4WD,Automatic,Truck,JDM/TZ
Nissan,Navara,2009,LE,2.5L Diesel,4WD,Automatic,Truck,JDM/TZ
Nissan,Navara,2009,PRO-4X,2.5L Diesel,4WD,Automatic,Truck,JDM/TZ
Nissan,Navara,2010,LE,2.5L Diesel,4WD,Automatic,Truck,JDM/TZ
Nissan,Navara,2010,PRO-4X,2.5L Diesel,4WD,Automatic,Truck,JDM/TZ
Nissan,Navara,2011,LE,2.5L Diesel,4WD,Automatic,Truck,JDM/TZ
Nissan,Navara,2011,PRO-4X,2.5L Diesel,4WD,Automatic,Truck,JDM/TZ
Nissan,Navara,2012,LE,2.5L Diesel,4WD,Automatic,Truck,JDM/TZ
Nissan,Navara,2012,PRO-4X,2.5L Diesel,4WD,Automatic,Truck,JDM/TZ
Nissan,Navara,2013,LE,2.5L Diesel,4WD,Automatic,Truck,JDM/TZ
Nissan,Navara,2013,PRO-4X,2.5L Diesel,4WD,Automatic,Truck,JDM/TZ
Nissan,Navara,2014,LE,2.5L Diesel,4WD,Automatic,Truck,JDM/TZ
Nissan,Navara,2014,PRO-4X,2.5L Diesel,4WD,Automatic,Truck,JDM/TZ
Nissan,Navara,2015,LE,2.5L Diesel,4WD,Automatic,Truck,JDM/TZ
Nissan,Navara,2015,PRO-4X,2.5L Diesel,4WD,Automatic,Truck,JDM/TZ
Nissan,Navara,2016,LE,2.5L Diesel,4WD,Automatic,Truck,JDM/TZ
Nissan,Navara,2016,PRO-4X,2.5L Diesel,4WD,Automatic,Truck,JDM/TZ
Nissan,Navara,2017,LE,2.5L Diesel,4WD,Automatic,Truck,JDM/TZ
Nissan,Navara,2017,PRO-4X,2.5L Diesel,4WD,Automatic,Truck,JDM/TZ
Nissan,Navara,2018,LE,2.5L Diesel,4WD,Automatic,Truck,JDM/TZ
Nissan,Navara,2018,PRO-4X,2.5L Diesel,4WD,Automatic,Truck,JDM/TZ
Nissan,Navara,2019,LE,2.5L Diesel,4WD,Automatic,Truck,JDM/TZ
Nissan,Navara,2019,PRO-4X,2.5L Diesel,4WD,Automatic,Truck,JDM/TZ
Nissan,Navara,2020,LE,2.5L Diesel,4WD,Automatic,Truck,JDM/TZ
Nissan,Navara,2020,PRO-4X,2.5L Diesel,4WD,Automatic,Truck,JDM/TZ
Nissan,Navara,2021,LE,2.5L Diesel,4WD,Automatic,Truck,JDM/TZ
Nissan,Navara,2021,PRO-4X,2.5L Diesel,4WD,Automatic,Truck,JDM/TZ
Nissan,Navara,2022,LE,2.5L Diesel,4WD,Automatic,Truck,JDM/TZ
Nissan,Navara,2022,PRO-4X,2.5L Diesel,4WD,Automatic,Truck,JDM/TZ
Nissan,Navara,2023,LE,2.5L Diesel,4WD,Automatic,Truck,JDM/TZ
Nissan,Navara,2023,PRO-4X,2.5L Diesel,4WD,Automatic,Truck,JDM/TZ
Nissan,Bluebird Sylphy,2005,20G,2.0L MR20DE,FWD,Automatic,Sedan,JDM/TZ
Nissan,Bluebird Sylphy,2005,15S,1.5L HR15DE,FWD,Automatic,Sedan,JDM/TZ
Nissan,Bluebird Sylphy,2006,20G,2.0L MR20DE,FWD,Automatic,Sedan,JDM/TZ
Nissan,Bluebird Sylphy,2006,15S,1.5L HR15DE,FWD,Automatic,Sedan,JDM/TZ
Nissan,Bluebird Sylphy,2007,20G,2.0L MR20DE,FWD,Automatic,Sedan,JDM/TZ
Nissan,Bluebird Sylphy,2007,15S,1.5L HR15DE,FWD,Automatic,Sedan,JDM/TZ
Nissan,Bluebird Sylphy,2008,20G,2.0L MR20DE,FWD,Automatic,Sedan,JDM/TZ
Nissan,Bluebird Sylphy,2008,15S,1.5L HR15DE,FWD,Automatic,Sedan,JDM/TZ
Nissan,Bluebird Sylphy,2009,20G,2.0L MR20DE,FWD,Automatic,Sedan,JDM/TZ
Nissan,Bluebird Sylphy,2009,15S,1.5L HR15DE,FWD,Automatic,Sedan,JDM/TZ
Nissan,Bluebird Sylphy,2010,20G,2.0L MR20DE,FWD,Automatic,Sedan,JDM/TZ
Nissan,Bluebird Sylphy,2010,15S,1.5L HR15DE,FWD,Automatic,Sedan,JDM/TZ
Nissan,Bluebird Sylphy,2011,20G,2.0L MR20DE,FWD,Automatic,Sedan,JDM/TZ
Nissan,Bluebird Sylphy,2011,15S,1.5L HR15DE,FWD,Automatic,Sedan,JDM/TZ
Nissan,Bluebird Sylphy,2012,20G,2.0L MR20DE,FWD,Automatic,Sedan,JDM/TZ
Nissan,Bluebird Sylphy,2012,15S,1.5L HR15DE,FWD,Automatic,Sedan,JDM/TZ
Nissan,Bluebird Sylphy,2013,20G,2.0L MR20DE,FWD,Automatic,Sedan,JDM/TZ
Nissan,Bluebird Sylphy,2013,15S,1.5L HR15DE,FWD,Automatic,Sedan,JDM/TZ
Nissan,Bluebird Sylphy,2014,20G,2.0L MR20DE,FWD,Automatic,Sedan,JDM/TZ
Nissan,Bluebird Sylphy,2014,15S,1.5L HR15DE,FWD,Automatic,Sedan,JDM/TZ
Nissan,Bluebird Sylphy,2015,20G,2.0L MR20DE,FWD,Automatic,Sedan,JDM/TZ
Nissan,Bluebird Sylphy,2015,15S,1.5L HR15DE,FWD,Automatic,Sedan,JDM/TZ
Nissan,Bluebird Sylphy,2016,20G,2.0L MR20DE,FWD,Automatic,Sedan,JDM/TZ
Nissan,Bluebird Sylphy,2016,15S,1.5L HR15DE,FWD,Automatic,Sedan,JDM/TZ
Nissan,Bluebird Sylphy,2017,20G,2.0L MR20DE,FWD,Automatic,Sedan,JDM/TZ
Nissan,Bluebird Sylphy,2017,15S,1.5L HR15DE,FWD,Automatic,Sedan,JDM/TZ
Nissan,Bluebird Sylphy,2018,20G,2.0L MR20DE,FWD,Automatic,Sedan,JDM/TZ
Nissan,Bluebird Sylphy,2018,15S,1.5L HR15DE,FWD,Automatic,Sedan,JDM/TZ
Nissan,Fuga,2005,250GT,2.5L V6,RWD,Automatic,Sedan,JDM/TZ
Nissan,Fuga,2005,350GT,3.5L V6,RWD,Automatic,Sedan,JDM/TZ
Nissan,Fuga,2006,250GT,2.5L V6,RWD,Automatic,Sedan,JDM/TZ
Nissan,Fuga,2006,350GT,3.5L V6,RWD,Automatic,Sedan,JDM/TZ
Nissan,Fuga,2007,250GT,2.5L V6,RWD,Automatic,Sedan,JDM/TZ
Nissan,Fuga,2007,350GT,3.5L V6,RWD,Automatic,Sedan,JDM/TZ
Nissan,Fuga,2008,250GT,2.5L V6,RWD,Automatic,Sedan,JDM/TZ
Nissan,Fuga,2008,350GT,3.5L V6,RWD,Automatic,Sedan,JDM/TZ
Nissan,Fuga,2009,250GT,2.5L V6,RWD,Automatic,Sedan,JDM/TZ
Nissan,Fuga,2009,350GT,3.5L V6,RWD,Automatic,Sedan,JDM/TZ
Nissan,Fuga,2010,250GT,2.5L V6,RWD,Automatic,Sedan,JDM/TZ
Nissan,Fuga,2010,350GT,3.5L V6,RWD,Automatic,Sedan,JDM/TZ
Nissan,Fuga,2011,250GT,2.5L V6,RWD,Automatic,Sedan,JDM/TZ
Nissan,Fuga,2011,350GT,3.5L V6,RWD,Automatic,Sedan,JDM/TZ
Nissan,Fuga,2012,250GT,2.5L V6,RWD,Automatic,Sedan,JDM/TZ
Nissan,Fuga,2012,350GT,3.5L V6,RWD,Automatic,Sedan,JDM/TZ
Nissan,Fuga,2013,250GT,2.5L V6,RWD,Automatic,Sedan,JDM/TZ
Nissan,Fuga,2013,350GT,3.5L V6,RWD,Automatic,Sedan,JDM/TZ
Nissan,Fuga,2014,250GT,2.5L V6,RWD,Automatic,Sedan,JDM/TZ
Nissan,Fuga,2014,350GT,3.5L V6,RWD,Automatic,Sedan,JDM/TZ
Nissan,Fuga,2015,250GT,2.5L V6,RWD,Automatic,Sedan,JDM/TZ
Nissan,Fuga,2015,350GT,3.5L V6,RWD,Automatic,Sedan,JDM/TZ
Nissan,Fuga,2016,250GT,2.5L V6,RWD,Automatic,Sedan,JDM/TZ
Nissan,Fuga,2016,350GT,3.5L V6,RWD,Automatic,Sedan,JDM/TZ
Nissan,Fuga,2017,250GT,2.5L V6,RWD,Automatic,Sedan,JDM/TZ
Nissan,Fuga,2017,350GT,3.5L V6,RWD,Automatic,Sedan,JDM/TZ
Nissan,Fuga,2018,250GT,2.5L V6,RWD,Automatic,Sedan,JDM/TZ
Nissan,Fuga,2018,350GT,3.5L V6,RWD,Automatic,Sedan,JDM/TZ
Nissan,Fuga,2019,250GT,2.5L V6,RWD,Automatic,Sedan,JDM/TZ
Nissan,Fuga,2019,350GT,3.5L V6,RWD,Automatic,Sedan,JDM/TZ
Nissan,Fuga,2020,250GT,2.5L V6,RWD,Automatic,Sedan,JDM/TZ
Nissan,Fuga,2020,350GT,3.5L V6,RWD,Automatic,Sedan,JDM/TZ
Nissan,Serena,2005,Highway Star,2.0L MR20DD,FWD,Automatic,Van/Minivan,JDM/TZ
Nissan,Serena,2005,e-POWER,1.2L Hybrid,FWD,Automatic,Van/Minivan,JDM/TZ
Nissan,Serena,2006,Highway Star,2.0L MR20DD,FWD,Automatic,Van/Minivan,JDM/TZ
Nissan,Serena,2006,e-POWER,1.2L Hybrid,FWD,Automatic,Van/Minivan,JDM/TZ
Nissan,Serena,2007,Highway Star,2.0L MR20DD,FWD,Automatic,Van/Minivan,JDM/TZ
Nissan,Serena,2007,e-POWER,1.2L Hybrid,FWD,Automatic,Van/Minivan,JDM/TZ
Nissan,Serena,2008,Highway Star,2.0L MR20DD,FWD,Automatic,Van/Minivan,JDM/TZ
Nissan,Serena,2008,e-POWER,1.2L Hybrid,FWD,Automatic,Van/Minivan,JDM/TZ
Nissan,Serena,2009,Highway Star,2.0L MR20DD,FWD,Automatic,Van/Minivan,JDM/TZ
Nissan,Serena,2009,e-POWER,1.2L Hybrid,FWD,Automatic,Van/Minivan,JDM/TZ
Nissan,Serena,2010,Highway Star,2.0L MR20DD,FWD,Automatic,Van/Minivan,JDM/TZ
Nissan,Serena,2010,e-POWER,1.2L Hybrid,FWD,Automatic,Van/Minivan,JDM/TZ
Nissan,Serena,2011,Highway Star,2.0L MR20DD,FWD,Automatic,Van/Minivan,JDM/TZ
Nissan,Serena,2011,e-POWER,1.2L Hybrid,FWD,Automatic,Van/Minivan,JDM/TZ
Nissan,Serena,2012,Highway Star,2.0L MR20DD,FWD,Automatic,Van/Minivan,JDM/TZ
Nissan,Serena,2012,e-POWER,1.2L Hybrid,FWD,Automatic,Van/Minivan,JDM/TZ
Nissan,Serena,2013,Highway Star,2.0L MR20DD,FWD,Automatic,Van/Minivan,JDM/TZ
Nissan,Serena,2013,e-POWER,1.2L Hybrid,FWD,Automatic,Van/Minivan,JDM/TZ
Nissan,Serena,2014,Highway Star,2.0L MR20DD,FWD,Automatic,Van/Minivan,JDM/TZ
Nissan,Serena,2014,e-POWER,1.2L Hybrid,FWD,Automatic,Van/Minivan,JDM/TZ
Nissan,Serena,2015,Highway Star,2.0L MR20DD,FWD,Automatic,Van/Minivan,JDM/TZ
Nissan,Serena,2015,e-POWER,1.2L Hybrid,FWD,Automatic,Van/Minivan,JDM/TZ
Nissan,Serena,2016,Highway Star,2.0L MR20DD,FWD,Automatic,Van/Minivan,JDM/TZ
Nissan,Serena,2016,e-POWER,1.2L Hybrid,FWD,Automatic,Van/Minivan,JDM/TZ
Nissan,Serena,2017,Highway Star,2.0L MR20DD,FWD,Automatic,Van/Minivan,JDM/TZ
Nissan,Serena,2017,e-POWER,1.2L Hybrid,FWD,Automatic,Van/Minivan,JDM/TZ
Nissan,Serena,2018,Highway Star,2.0L MR20DD,FWD,Automatic,Van/Minivan,JDM/TZ
Nissan,Serena,2018,e-POWER,1.2L Hybrid,FWD,Automatic,Van/Minivan,JDM/TZ
Nissan,Serena,2019,Highway Star,2.0L MR20DD,FWD,Automatic,Van/Minivan,JDM/TZ
Nissan,Serena,2019,e-POWER,1.2L Hybrid,FWD,Automatic,Van/Minivan,JDM/TZ
Nissan,Serena,2020,Highway Star,2.0L MR20DD,FWD,Automatic,Van/Minivan,JDM/TZ
Nissan,Serena,2020,e-POWER,1.2L Hybrid,FWD,Automatic,Van/Minivan,JDM/TZ
Nissan,Serena,2021,Highway Star,2.0L MR20DD,FWD,Automatic,Van/Minivan,JDM/TZ
Nissan,Serena,2021,e-POWER,1.2L Hybrid,FWD,Automatic,Van/Minivan,JDM/TZ
Nissan,Serena,2022,Highway Star,2.0L MR20DD,FWD,Automatic,Van/Minivan,JDM/TZ
Nissan,Serena,2022,e-POWER,1.2L Hybrid,FWD,Automatic,Van/Minivan,JDM/TZ
Nissan,Serena,2023,Highway Star,2.0L MR20DD,FWD,Automatic,Van/Minivan,JDM/TZ
Nissan,Serena,2023,e-POWER,1.2L Hybrid,FWD,Automatic,Van/Minivan,JDM/TZ
Nissan,March,2005,12S,1.2L HR12DE,FWD,Automatic,Hatchback,JDM/TZ
Nissan,March,2005,12X,1.2L HR12DE,FWD,Automatic,Hatchback,JDM/TZ
Nissan,March,2006,12S,1.2L HR12DE,FWD,Automatic,Hatchback,JDM/TZ
Nissan,March,2006,12X,1.2L HR12DE,FWD,Automatic,Hatchback,JDM/TZ
Nissan,March,2007,12S,1.2L HR12DE,FWD,Automatic,Hatchback,JDM/TZ
Nissan,March,2007,12X,1.2L HR12DE,FWD,Automatic,Hatchback,JDM/TZ
Nissan,March,2008,12S,1.2L HR12DE,FWD,Automatic,Hatchback,JDM/TZ
Nissan,March,2008,12X,1.2L HR12DE,FWD,Automatic,Hatchback,JDM/TZ
Nissan,March,2009,12S,1.2L HR12DE,FWD,Automatic,Hatchback,JDM/TZ
Nissan,March,2009,12X,1.2L HR12DE,FWD,Automatic,Hatchback,JDM/TZ
Nissan,March,2010,12S,1.2L HR12DE,FWD,Automatic,Hatchback,JDM/TZ
Nissan,March,2010,12X,1.2L HR12DE,FWD,Automatic,Hatchback,JDM/TZ
Nissan,March,2011,12S,1.2L HR12DE,FWD,Automatic,Hatchback,JDM/TZ
Nissan,March,2011,12X,1.2L HR12DE,FWD,Automatic,Hatchback,JDM/TZ
Nissan,March,2012,12S,1.2L HR12DE,FWD,Automatic,Hatchback,JDM/TZ
Nissan,March,2012,12X,1.2L HR12DE,FWD,Automatic,Hatchback,JDM/TZ
Nissan,March,2013,12S,1.2L HR12DE,FWD,Automatic,Hatchback,JDM/TZ
Nissan,March,2013,12X,1.2L HR12DE,FWD,Automatic,Hatchback,JDM/TZ
Nissan,March,2014,12S,1.2L HR12DE,FWD,Automatic,Hatchback,JDM/TZ
Nissan,March,2014,12X,1.2L HR12DE,FWD,Automatic,Hatchback,JDM/TZ
Nissan,March,2015,12S,1.2L HR12DE,FWD,Automatic,Hatchback,JDM/TZ
Nissan,March,2015,12X,1.2L HR12DE,FWD,Automatic,Hatchback,JDM/TZ
Nissan,March,2016,12S,1.2L HR12DE,FWD,Automatic,Hatchback,JDM/TZ
Nissan,March,2016,12X,1.2L HR12DE,FWD,Automatic,Hatchback,JDM/TZ
Nissan,March,2017,12S,1.2L HR12DE,FWD,Automatic,Hatchback,JDM/TZ
Nissan,March,2017,12X,1.2L HR12DE,FWD,Automatic,Hatchback,JDM/TZ
Nissan,March,2018,12S,1.2L HR12DE,FWD,Automatic,Hatchback,JDM/TZ
Nissan,March,2018,12X,1.2L HR12DE,FWD,Automatic,Hatchback,JDM/TZ
Nissan,March,2019,12S,1.2L HR12DE,FWD,Automatic,Hatchback,JDM/TZ
Nissan,March,2019,12X,1.2L HR12DE,FWD,Automatic,Hatchback,JDM/TZ
Nissan,March,2020,12S,1.2L HR12DE,FWD,Automatic,Hatchback,JDM/TZ
Nissan,March,2020,12X,1.2L HR12DE,FWD,Automatic,Hatchback,JDM/TZ
Nissan,March,2021,12S,1.2L HR12DE,FWD,Automatic,Hatchback,JDM/TZ
Nissan,March,2021,12X,1.2L HR12DE,FWD,Automatic,Hatchback,JDM/TZ
Nissan,March,2022,12S,1.2L HR12DE,FWD,Automatic,Hatchback,JDM/TZ
Nissan,March,2022,12X,1.2L HR12DE,FWD,Automatic,Hatchback,JDM/TZ
Subaru,Forester,2005,2.0i,2.0L FB20,AWD,Automatic,SUV,JDM/TZ
Subaru,Forester,2005,2.0XT,2.0L Turbo FA20,AWD,Automatic,SUV,JDM/TZ
Subaru,Forester,2005,X-Break,2.5L FB25,AWD,Automatic,SUV,JDM/TZ
Subaru,Forester,2006,2.0i,2.0L FB20,AWD,Automatic,SUV,JDM/TZ
Subaru,Forester,2006,2.0XT,2.0L Turbo FA20,AWD,Automatic,SUV,JDM/TZ
Subaru,Forester,2006,X-Break,2.5L FB25,AWD,Automatic,SUV,JDM/TZ
Subaru,Forester,2007,2.0i,2.0L FB20,AWD,Automatic,SUV,JDM/TZ
Subaru,Forester,2007,2.0XT,2.0L Turbo FA20,AWD,Automatic,SUV,JDM/TZ
Subaru,Forester,2007,X-Break,2.5L FB25,AWD,Automatic,SUV,JDM/TZ
Subaru,Forester,2008,2.0i,2.0L FB20,AWD,Automatic,SUV,JDM/TZ
Subaru,Forester,2008,2.0XT,2.0L Turbo FA20,AWD,Automatic,SUV,JDM/TZ
Subaru,Forester,2008,X-Break,2.5L FB25,AWD,Automatic,SUV,JDM/TZ
Subaru,Forester,2009,2.0i,2.0L FB20,AWD,Automatic,SUV,JDM/TZ
Subaru,Forester,2009,2.0XT,2.0L Turbo FA20,AWD,Automatic,SUV,JDM/TZ
Subaru,Forester,2009,X-Break,2.5L FB25,AWD,Automatic,SUV,JDM/TZ
Subaru,Forester,2010,2.0i,2.0L FB20,AWD,Automatic,SUV,JDM/TZ
Subaru,Forester,2010,2.0XT,2.0L Turbo FA20,AWD,Automatic,SUV,JDM/TZ
Subaru,Forester,2010,X-Break,2.5L FB25,AWD,Automatic,SUV,JDM/TZ
Subaru,Forester,2011,2.0i,2.0L FB20,AWD,Automatic,SUV,JDM/TZ
Subaru,Forester,2011,2.0XT,2.0L Turbo FA20,AWD,Automatic,SUV,JDM/TZ
Subaru,Forester,2011,X-Break,2.5L FB25,AWD,Automatic,SUV,JDM/TZ
Subaru,Forester,2012,2.0i,2.0L FB20,AWD,Automatic,SUV,JDM/TZ
Subaru,Forester,2012,2.0XT,2.0L Turbo FA20,AWD,Automatic,SUV,JDM/TZ
Subaru,Forester,2012,X-Break,2.5L FB25,AWD,Automatic,SUV,JDM/TZ
Subaru,Forester,2013,2.0i,2.0L FB20,AWD,Automatic,SUV,JDM/TZ
Subaru,Forester,2013,2.0XT,2.0L Turbo FA20,AWD,Automatic,SUV,JDM/TZ
Subaru,Forester,2013,X-Break,2.5L FB25,AWD,Automatic,SUV,JDM/TZ
Subaru,Forester,2014,2.0i,2.0L FB20,AWD,Automatic,SUV,JDM/TZ
Subaru,Forester,2014,2.0XT,2.0L Turbo FA20,AWD,Automatic,SUV,JDM/TZ
Subaru,Forester,2014,X-Break,2.5L FB25,AWD,Automatic,SUV,JDM/TZ
Subaru,Forester,2015,2.0i,2.0L FB20,AWD,Automatic,SUV,JDM/TZ
Subaru,Forester,2015,2.0XT,2.0L Turbo FA20,AWD,Automatic,SUV,JDM/TZ
Subaru,Forester,2015,X-Break,2.5L FB25,AWD,Automatic,SUV,JDM/TZ
Subaru,Forester,2016,2.0i,2.0L FB20,AWD,Automatic,SUV,JDM/TZ
Subaru,Forester,2016,2.0XT,2.0L Turbo FA20,AWD,Automatic,SUV,JDM/TZ
Subaru,Forester,2016,X-Break,2.5L FB25,AWD,Automatic,SUV,JDM/TZ
Subaru,Forester,2017,2.0i,2.0L FB20,AWD,Automatic,SUV,JDM/TZ
Subaru,Forester,2017,2.0XT,2.0L Turbo FA20,AWD,Automatic,SUV,JDM/TZ
Subaru,Forester,2017,X-Break,2.5L FB25,AWD,Automatic,SUV,JDM/TZ
Subaru,Forester,2018,2.0i,2.0L FB20,AWD,Automatic,SUV,JDM/TZ
Subaru,Forester,2018,2.0XT,2.0L Turbo FA20,AWD,Automatic,SUV,JDM/TZ
Subaru,Forester,2018,X-Break,2.5L FB25,AWD,Automatic,SUV,JDM/TZ
Subaru,Forester,2019,2.0i,2.0L FB20,AWD,Automatic,SUV,JDM/TZ
Subaru,Forester,2019,2.0XT,2.0L Turbo FA20,AWD,Automatic,SUV,JDM/TZ
Subaru,Forester,2019,X-Break,2.5L FB25,AWD,Automatic,SUV,JDM/TZ
Subaru,Forester,2020,2.0i,2.0L FB20,AWD,Automatic,SUV,JDM/TZ
Subaru,Forester,2020,2.0XT,2.0L Turbo FA20,AWD,Automatic,SUV,JDM/TZ
Subaru,Forester,2020,X-Break,2.5L FB25,AWD,Automatic,SUV,JDM/TZ
Subaru,Forester,2021,2.0i,2.0L FB20,AWD,Automatic,SUV,JDM/TZ
Subaru,Forester,2021,2.0XT,2.0L Turbo FA20,AWD,Automatic,SUV,JDM/TZ
Subaru,Forester,2021,X-Break,2.5L FB25,AWD,Automatic,SUV,JDM/TZ
Subaru,Forester,2022,2.0i,2.0L FB20,AWD,Automatic,SUV,JDM/TZ
Subaru,Forester,2022,2.0XT,2.0L Turbo FA20,AWD,Automatic,SUV,JDM/TZ
Subaru,Forester,2022,X-Break,2.5L FB25,AWD,Automatic,SUV,JDM/TZ
Subaru,Forester,2023,2.0i,2.0L FB20,AWD,Automatic,SUV,JDM/TZ
Subaru,Forester,2023,2.0XT,2.0L Turbo FA20,AWD,Automatic,SUV,JDM/TZ
Subaru,Forester,2023,X-Break,2.5L FB25,AWD,Automatic,SUV,JDM/TZ
Subaru,Impreza,2005,1.5i,1.5L EL15,AWD,Automatic,Sedan,JDM/TZ
Subaru,Impreza,2005,2.0i-S,2.0L FB20,AWD,Automatic,Sedan,JDM/TZ
Subaru,Impreza,2005,WRX STI,2.0L Turbo EJ20,AWD,Automatic,Sedan,JDM/TZ
Subaru,Impreza,2006,1.5i,1.5L EL15,AWD,Automatic,Sedan,JDM/TZ
Subaru,Impreza,2006,2.0i-S,2.0L FB20,AWD,Automatic,Sedan,JDM/TZ
Subaru,Impreza,2006,WRX STI,2.0L Turbo EJ20,AWD,Automatic,Sedan,JDM/TZ
Subaru,Impreza,2007,1.5i,1.5L EL15,AWD,Automatic,Sedan,JDM/TZ
Subaru,Impreza,2007,2.0i-S,2.0L FB20,AWD,Automatic,Sedan,JDM/TZ
Subaru,Impreza,2007,WRX STI,2.0L Turbo EJ20,AWD,Automatic,Sedan,JDM/TZ
Subaru,Impreza,2008,1.5i,1.5L EL15,AWD,Automatic,Sedan,JDM/TZ
Subaru,Impreza,2008,2.0i-S,2.0L FB20,AWD,Automatic,Sedan,JDM/TZ
Subaru,Impreza,2008,WRX STI,2.0L Turbo EJ20,AWD,Automatic,Sedan,JDM/TZ
Subaru,Impreza,2009,1.5i,1.5L EL15,AWD,Automatic,Sedan,JDM/TZ
Subaru,Impreza,2009,2.0i-S,2.0L FB20,AWD,Automatic,Sedan,JDM/TZ
Subaru,Impreza,2009,WRX STI,2.0L Turbo EJ20,AWD,Automatic,Sedan,JDM/TZ
Subaru,Impreza,2010,1.5i,1.5L EL15,AWD,Automatic,Sedan,JDM/TZ
Subaru,Impreza,2010,2.0i-S,2.0L FB20,AWD,Automatic,Sedan,JDM/TZ
Subaru,Impreza,2010,WRX STI,2.0L Turbo EJ20,AWD,Automatic,Sedan,JDM/TZ
Subaru,Impreza,2011,1.5i,1.5L EL15,AWD,Automatic,Sedan,JDM/TZ
Subaru,Impreza,2011,2.0i-S,2.0L FB20,AWD,Automatic,Sedan,JDM/TZ
Subaru,Impreza,2011,WRX STI,2.0L Turbo EJ20,AWD,Automatic,Sedan,JDM/TZ
Subaru,Impreza,2012,1.5i,1.5L EL15,AWD,Automatic,Sedan,JDM/TZ
Subaru,Impreza,2012,2.0i-S,2.0L FB20,AWD,Automatic,Sedan,JDM/TZ
Subaru,Impreza,2012,WRX STI,2.0L Turbo EJ20,AWD,Automatic,Sedan,JDM/TZ
Subaru,Impreza,2013,1.5i,1.5L EL15,AWD,Automatic,Sedan,JDM/TZ
Subaru,Impreza,2013,2.0i-S,2.0L FB20,AWD,Automatic,Sedan,JDM/TZ
Subaru,Impreza,2013,WRX STI,2.0L Turbo EJ20,AWD,Automatic,Sedan,JDM/TZ
Subaru,Impreza,2014,1.5i,1.5L EL15,AWD,Automatic,Sedan,JDM/TZ
Subaru,Impreza,2014,2.0i-S,2.0L FB20,AWD,Automatic,Sedan,JDM/TZ
Subaru,Impreza,2014,WRX STI,2.0L Turbo EJ20,AWD,Automatic,Sedan,JDM/TZ
Subaru,Impreza,2015,1.5i,1.5L EL15,AWD,Automatic,Sedan,JDM/TZ
Subaru,Impreza,2015,2.0i-S,2.0L FB20,AWD,Automatic,Sedan,JDM/TZ
Subaru,Impreza,2015,WRX STI,2.0L Turbo EJ20,AWD,Automatic,Sedan,JDM/TZ
Subaru,Impreza,2016,1.5i,1.5L EL15,AWD,Automatic,Sedan,JDM/TZ
Subaru,Impreza,2016,2.0i-S,2.0L FB20,AWD,Automatic,Sedan,JDM/TZ
Subaru,Impreza,2016,WRX STI,2.0L Turbo EJ20,AWD,Automatic,Sedan,JDM/TZ
Subaru,Impreza,2017,1.5i,1.5L EL15,AWD,Automatic,Sedan,JDM/TZ
Subaru,Impreza,2017,2.0i-S,2.0L FB20,AWD,Automatic,Sedan,JDM/TZ
Subaru,Impreza,2017,WRX STI,2.0L Turbo EJ20,AWD,Automatic,Sedan,JDM/TZ
Subaru,Impreza,2018,1.5i,1.5L EL15,AWD,Automatic,Sedan,JDM/TZ
Subaru,Impreza,2018,2.0i-S,2.0L FB20,AWD,Automatic,Sedan,JDM/TZ
Subaru,Impreza,2018,WRX STI,2.0L Turbo EJ20,AWD,Automatic,Sedan,JDM/TZ
Subaru,Impreza,2019,1.5i,1.5L EL15,AWD,Automatic,Sedan,JDM/TZ
Subaru,Impreza,2019,2.0i-S,2.0L FB20,AWD,Automatic,Sedan,JDM/TZ
Subaru,Impreza,2019,WRX STI,2.0L Turbo EJ20,AWD,Automatic,Sedan,JDM/TZ
Subaru,Impreza,2020,1.5i,1.5L EL15,AWD,Automatic,Sedan,JDM/TZ
Subaru,Impreza,2020,2.0i-S,2.0L FB20,AWD,Automatic,Sedan,JDM/TZ
Subaru,Impreza,2020,WRX STI,2.0L Turbo EJ20,AWD,Automatic,Sedan,JDM/TZ
Subaru,Impreza,2021,1.5i,1.5L EL15,AWD,Automatic,Sedan,JDM/TZ
Subaru,Impreza,2021,2.0i-S,2.0L FB20,AWD,Automatic,Sedan,JDM/TZ
Subaru,Impreza,2021,WRX STI,2.0L Turbo EJ20,AWD,Automatic,Sedan,JDM/TZ
Subaru,Impreza,2022,1.5i,1.5L EL15,AWD,Automatic,Sedan,JDM/TZ
Subaru,Impreza,2022,2.0i-S,2.0L FB20,AWD,Automatic,Sedan,JDM/TZ
Subaru,Impreza,2022,WRX STI,2.0L Turbo EJ20,AWD,Automatic,Sedan,JDM/TZ
Subaru,Outback,2005,2.5i,2.5L FB25,AWD,Automatic,Wagon,JDM/TZ
Subaru,Outback,2005,3.6R,3.6L EZ36 V6,AWD,Automatic,Wagon,JDM/TZ
Subaru,Outback,2006,2.5i,2.5L FB25,AWD,Automatic,Wagon,JDM/TZ
Subaru,Outback,2006,3.6R,3.6L EZ36 V6,AWD,Automatic,Wagon,JDM/TZ
Subaru,Outback,2007,2.5i,2.5L FB25,AWD,Automatic,Wagon,JDM/TZ
Subaru,Outback,2007,3.6R,3.6L EZ36 V6,AWD,Automatic,Wagon,JDM/TZ
Subaru,Outback,2008,2.5i,2.5L FB25,AWD,Automatic,Wagon,JDM/TZ
Subaru,Outback,2008,3.6R,3.6L EZ36 V6,AWD,Automatic,Wagon,JDM/TZ
Subaru,Outback,2009,2.5i,2.5L FB25,AWD,Automatic,Wagon,JDM/TZ
Subaru,Outback,2009,3.6R,3.6L EZ36 V6,AWD,Automatic,Wagon,JDM/TZ
Subaru,Outback,2010,2.5i,2.5L FB25,AWD,Automatic,Wagon,JDM/TZ
Subaru,Outback,2010,3.6R,3.6L EZ36 V6,AWD,Automatic,Wagon,JDM/TZ
Subaru,Outback,2011,2.5i,2.5L FB25,AWD,Automatic,Wagon,JDM/TZ
Subaru,Outback,2011,3.6R,3.6L EZ36 V6,AWD,Automatic,Wagon,JDM/TZ
Subaru,Outback,2012,2.5i,2.5L FB25,AWD,Automatic,Wagon,JDM/TZ
Subaru,Outback,2012,3.6R,3.6L EZ36 V6,AWD,Automatic,Wagon,JDM/TZ
Subaru,Outback,2013,2.5i,2.5L FB25,AWD,Automatic,Wagon,JDM/TZ
Subaru,Outback,2013,3.6R,3.6L EZ36 V6,AWD,Automatic,Wagon,JDM/TZ
Subaru,Outback,2014,2.5i,2.5L FB25,AWD,Automatic,Wagon,JDM/TZ
Subaru,Outback,2014,3.6R,3.6L EZ36 V6,AWD,Automatic,Wagon,JDM/TZ
Subaru,Outback,2015,2.5i,2.5L FB25,AWD,Automatic,Wagon,JDM/TZ
Subaru,Outback,2015,3.6R,3.6L EZ36 V6,AWD,Automatic,Wagon,JDM/TZ
Subaru,Outback,2016,2.5i,2.5L FB25,AWD,Automatic,Wagon,JDM/TZ
Subaru,Outback,2016,3.6R,3.6L EZ36 V6,AWD,Automatic,Wagon,JDM/TZ
Subaru,Outback,2017,2.5i,2.5L FB25,AWD,Automatic,Wagon,JDM/TZ
Subaru,Outback,2017,3.6R,3.6L EZ36 V6,AWD,Automatic,Wagon,JDM/TZ
Subaru,Outback,2018,2.5i,2.5L FB25,AWD,Automatic,Wagon,JDM/TZ
Subaru,Outback,2018,3.6R,3.6L EZ36 V6,AWD,Automatic,Wagon,JDM/TZ
Subaru,Outback,2019,2.5i,2.5L FB25,AWD,Automatic,Wagon,JDM/TZ
Subaru,Outback,2019,3.6R,3.6L EZ36 V6,AWD,Automatic,Wagon,JDM/TZ
Subaru,Outback,2020,2.5i,2.5L FB25,AWD,Automatic,Wagon,JDM/TZ
Subaru,Outback,2020,3.6R,3.6L EZ36 V6,AWD,Automatic,Wagon,JDM/TZ
Subaru,Outback,2021,2.5i,2.5L FB25,AWD,Automatic,Wagon,JDM/TZ
Subaru,Outback,2021,3.6R,3.6L EZ36 V6,AWD,Automatic,Wagon,JDM/TZ
Subaru,Outback,2022,2.5i,2.5L FB25,AWD,Automatic,Wagon,JDM/TZ
Subaru,Outback,2022,3.6R,3.6L EZ36 V6,AWD,Automatic,Wagon,JDM/TZ
Subaru,Outback,2023,2.5i,2.5L FB25,AWD,Automatic,Wagon,JDM/TZ
Subaru,Outback,2023,3.6R,3.6L EZ36 V6,AWD,Automatic,Wagon,JDM/TZ
Subaru,Legacy,2005,2.5i B-Sport,2.5L FB25,AWD,Automatic,Sedan,JDM/TZ
Subaru,Legacy,2005,2.0GT,2.0L Turbo,AWD,Automatic,Sedan,JDM/TZ
Subaru,Legacy,2006,2.5i B-Sport,2.5L FB25,AWD,Automatic,Sedan,JDM/TZ
Subaru,Legacy,2006,2.0GT,2.0L Turbo,AWD,Automatic,Sedan,JDM/TZ
Subaru,Legacy,2007,2.5i B-Sport,2.5L FB25,AWD,Automatic,Sedan,JDM/TZ
Subaru,Legacy,2007,2.0GT,2.0L Turbo,AWD,Automatic,Sedan,JDM/TZ
Subaru,Legacy,2008,2.5i B-Sport,2.5L FB25,AWD,Automatic,Sedan,JDM/TZ
Subaru,Legacy,2008,2.0GT,2.0L Turbo,AWD,Automatic,Sedan,JDM/TZ
Subaru,Legacy,2009,2.5i B-Sport,2.5L FB25,AWD,Automatic,Sedan,JDM/TZ
Subaru,Legacy,2009,2.0GT,2.0L Turbo,AWD,Automatic,Sedan,JDM/TZ
Subaru,Legacy,2010,2.5i B-Sport,2.5L FB25,AWD,Automatic,Sedan,JDM/TZ
Subaru,Legacy,2010,2.0GT,2.0L Turbo,AWD,Automatic,Sedan,JDM/TZ
Subaru,Legacy,2011,2.5i B-Sport,2.5L FB25,AWD,Automatic,Sedan,JDM/TZ
Subaru,Legacy,2011,2.0GT,2.0L Turbo,AWD,Automatic,Sedan,JDM/TZ
Subaru,Legacy,2012,2.5i B-Sport,2.5L FB25,AWD,Automatic,Sedan,JDM/TZ
Subaru,Legacy,2012,2.0GT,2.0L Turbo,AWD,Automatic,Sedan,JDM/TZ
Subaru,Legacy,2013,2.5i B-Sport,2.5L FB25,AWD,Automatic,Sedan,JDM/TZ
Subaru,Legacy,2013,2.0GT,2.0L Turbo,AWD,Automatic,Sedan,JDM/TZ
Subaru,Legacy,2014,2.5i B-Sport,2.5L FB25,AWD,Automatic,Sedan,JDM/TZ
Subaru,Legacy,2014,2.0GT,2.0L Turbo,AWD,Automatic,Sedan,JDM/TZ
Subaru,Legacy,2015,2.5i B-Sport,2.5L FB25,AWD,Automatic,Sedan,JDM/TZ
Subaru,Legacy,2015,2.0GT,2.0L Turbo,AWD,Automatic,Sedan,JDM/TZ
Subaru,Legacy,2016,2.5i B-Sport,2.5L FB25,AWD,Automatic,Sedan,JDM/TZ
Subaru,Legacy,2016,2.0GT,2.0L Turbo,AWD,Automatic,Sedan,JDM/TZ
Subaru,Legacy,2017,2.5i B-Sport,2.5L FB25,AWD,Automatic,Sedan,JDM/TZ
Subaru,Legacy,2017,2.0GT,2.0L Turbo,AWD,Automatic,Sedan,JDM/TZ
Subaru,Legacy,2018,2.5i B-Sport,2.5L FB25,AWD,Automatic,Sedan,JDM/TZ
Subaru,Legacy,2018,2.0GT,2.0L Turbo,AWD,Automatic,Sedan,JDM/TZ
Subaru,Legacy,2019,2.5i B-Sport,2.5L FB25,AWD,Automatic,Sedan,JDM/TZ
Subaru,Legacy,2019,2.0GT,2.0L Turbo,AWD,Automatic,Sedan,JDM/TZ
Subaru,Legacy,2020,2.5i B-Sport,2.5L FB25,AWD,Automatic,Sedan,JDM/TZ
Subaru,Legacy,2020,2.0GT,2.0L Turbo,AWD,Automatic,Sedan,JDM/TZ
Subaru,Legacy,2021,2.5i B-Sport,2.5L FB25,AWD,Automatic,Sedan,JDM/TZ
Subaru,Legacy,2021,2.0GT,2.0L Turbo,AWD,Automatic,Sedan,JDM/TZ
Subaru,Legacy,2022,2.5i B-Sport,2.5L FB25,AWD,Automatic,Sedan,JDM/TZ
Subaru,Legacy,2022,2.0GT,2.0L Turbo,AWD,Automatic,Sedan,JDM/TZ
Subaru,Exiga,2008,2.0i,2.0L EJ20,AWD,Automatic,Wagon,JDM/TZ
Subaru,Exiga,2008,2.0GT,2.0L Turbo,AWD,Automatic,Wagon,JDM/TZ
Subaru,Exiga,2009,2.0i,2.0L EJ20,AWD,Automatic,Wagon,JDM/TZ
Subaru,Exiga,2009,2.0GT,2.0L Turbo,AWD,Automatic,Wagon,JDM/TZ
Subaru,Exiga,2010,2.0i,2.0L EJ20,AWD,Automatic,Wagon,JDM/TZ
Subaru,Exiga,2010,2.0GT,2.0L Turbo,AWD,Automatic,Wagon,JDM/TZ
Subaru,Exiga,2011,2.0i,2.0L EJ20,AWD,Automatic,Wagon,JDM/TZ
Subaru,Exiga,2011,2.0GT,2.0L Turbo,AWD,Automatic,Wagon,JDM/TZ
Subaru,Exiga,2012,2.0i,2.0L EJ20,AWD,Automatic,Wagon,JDM/TZ
Subaru,Exiga,2012,2.0GT,2.0L Turbo,AWD,Automatic,Wagon,JDM/TZ
Subaru,Exiga,2013,2.0i,2.0L EJ20,AWD,Automatic,Wagon,JDM/TZ
Subaru,Exiga,2013,2.0GT,2.0L Turbo,AWD,Automatic,Wagon,JDM/TZ
Subaru,Exiga,2014,2.0i,2.0L EJ20,AWD,Automatic,Wagon,JDM/TZ
Subaru,Exiga,2014,2.0GT,2.0L Turbo,AWD,Automatic,Wagon,JDM/TZ
Subaru,Exiga,2015,2.0i,2.0L EJ20,AWD,Automatic,Wagon,JDM/TZ
Subaru,Exiga,2015,2.0GT,2.0L Turbo,AWD,Automatic,Wagon,JDM/TZ
Subaru,Exiga,2016,2.0i,2.0L EJ20,AWD,Automatic,Wagon,JDM/TZ
Subaru,Exiga,2016,2.0GT,2.0L Turbo,AWD,Automatic,Wagon,JDM/TZ
Subaru,Exiga,2017,2.0i,2.0L EJ20,AWD,Automatic,Wagon,JDM/TZ
Subaru,Exiga,2017,2.0GT,2.0L Turbo,AWD,Automatic,Wagon,JDM/TZ
Subaru,Exiga,2018,2.0i,2.0L EJ20,AWD,Automatic,Wagon,JDM/TZ
Subaru,Exiga,2018,2.0GT,2.0L Turbo,AWD,Automatic,Wagon,JDM/TZ
Honda,Fit,2005,13G,1.3L L13B,FWD,Automatic,Hatchback,JDM/TZ
Honda,Fit,2005,RS,1.5L L15B,FWD,Automatic,Hatchback,JDM/TZ
Honda,Fit,2005,Hybrid,1.5L Hybrid,FWD,Automatic,Hatchback,JDM/TZ
Honda,Fit,2006,13G,1.3L L13B,FWD,Automatic,Hatchback,JDM/TZ
Honda,Fit,2006,RS,1.5L L15B,FWD,Automatic,Hatchback,JDM/TZ
Honda,Fit,2006,Hybrid,1.5L Hybrid,FWD,Automatic,Hatchback,JDM/TZ
Honda,Fit,2007,13G,1.3L L13B,FWD,Automatic,Hatchback,JDM/TZ
Honda,Fit,2007,RS,1.5L L15B,FWD,Automatic,Hatchback,JDM/TZ
Honda,Fit,2007,Hybrid,1.5L Hybrid,FWD,Automatic,Hatchback,JDM/TZ
Honda,Fit,2008,13G,1.3L L13B,FWD,Automatic,Hatchback,JDM/TZ
Honda,Fit,2008,RS,1.5L L15B,FWD,Automatic,Hatchback,JDM/TZ
Honda,Fit,2008,Hybrid,1.5L Hybrid,FWD,Automatic,Hatchback,JDM/TZ
Honda,Fit,2009,13G,1.3L L13B,FWD,Automatic,Hatchback,JDM/TZ
Honda,Fit,2009,RS,1.5L L15B,FWD,Automatic,Hatchback,JDM/TZ
Honda,Fit,2009,Hybrid,1.5L Hybrid,FWD,Automatic,Hatchback,JDM/TZ
Honda,Fit,2010,13G,1.3L L13B,FWD,Automatic,Hatchback,JDM/TZ
Honda,Fit,2010,RS,1.5L L15B,FWD,Automatic,Hatchback,JDM/TZ
Honda,Fit,2010,Hybrid,1.5L Hybrid,FWD,Automatic,Hatchback,JDM/TZ
Honda,Fit,2011,13G,1.3L L13B,FWD,Automatic,Hatchback,JDM/TZ
Honda,Fit,2011,RS,1.5L L15B,FWD,Automatic,Hatchback,JDM/TZ
Honda,Fit,2011,Hybrid,1.5L Hybrid,FWD,Automatic,Hatchback,JDM/TZ
Honda,Fit,2012,13G,1.3L L13B,FWD,Automatic,Hatchback,JDM/TZ
Honda,Fit,2012,RS,1.5L L15B,FWD,Automatic,Hatchback,JDM/TZ
Honda,Fit,2012,Hybrid,1.5L Hybrid,FWD,Automatic,Hatchback,JDM/TZ
Honda,Fit,2013,13G,1.3L L13B,FWD,Automatic,Hatchback,JDM/TZ
Honda,Fit,2013,RS,1.5L L15B,FWD,Automatic,Hatchback,JDM/TZ
Honda,Fit,2013,Hybrid,1.5L Hybrid,FWD,Automatic,Hatchback,JDM/TZ
Honda,Fit,2014,13G,1.3L L13B,FWD,Automatic,Hatchback,JDM/TZ
Honda,Fit,2014,RS,1.5L L15B,FWD,Automatic,Hatchback,JDM/TZ
Honda,Fit,2014,Hybrid,1.5L Hybrid,FWD,Automatic,Hatchback,JDM/TZ
Honda,Fit,2015,13G,1.3L L13B,FWD,Automatic,Hatchback,JDM/TZ
Honda,Fit,2015,RS,1.5L L15B,FWD,Automatic,Hatchback,JDM/TZ
Honda,Fit,2015,Hybrid,1.5L Hybrid,FWD,Automatic,Hatchback,JDM/TZ
Honda,Fit,2016,13G,1.3L L13B,FWD,Automatic,Hatchback,JDM/TZ
Honda,Fit,2016,RS,1.5L L15B,FWD,Automatic,Hatchback,JDM/TZ
Honda,Fit,2016,Hybrid,1.5L Hybrid,FWD,Automatic,Hatchback,JDM/TZ
Honda,Fit,2017,13G,1.3L L13B,FWD,Automatic,Hatchback,JDM/TZ
Honda,Fit,2017,RS,1.5L L15B,FWD,Automatic,Hatchback,JDM/TZ
Honda,Fit,2017,Hybrid,1.5L Hybrid,FWD,Automatic,Hatchback,JDM/TZ
Honda,Fit,2018,13G,1.3L L13B,FWD,Automatic,Hatchback,JDM/TZ
Honda,Fit,2018,RS,1.5L L15B,FWD,Automatic,Hatchback,JDM/TZ
Honda,Fit,2018,Hybrid,1.5L Hybrid,FWD,Automatic,Hatchback,JDM/TZ
Honda,Fit,2019,13G,1.3L L13B,FWD,Automatic,Hatchback,JDM/TZ
Honda,Fit,2019,RS,1.5L L15B,FWD,Automatic,Hatchback,JDM/TZ
Honda,Fit,2019,Hybrid,1.5L Hybrid,FWD,Automatic,Hatchback,JDM/TZ
Honda,Fit,2020,13G,1.3L L13B,FWD,Automatic,Hatchback,JDM/TZ
Honda,Fit,2020,RS,1.5L L15B,FWD,Automatic,Hatchback,JDM/TZ
Honda,Fit,2020,Hybrid,1.5L Hybrid,FWD,Automatic,Hatchback,JDM/TZ
Honda,Fit,2021,13G,1.3L L13B,FWD,Automatic,Hatchback,JDM/TZ
Honda,Fit,2021,RS,1.5L L15B,FWD,Automatic,Hatchback,JDM/TZ
Honda,Fit,2021,Hybrid,1.5L Hybrid,FWD,Automatic,Hatchback,JDM/TZ
Honda,Fit,2022,13G,1.3L L13B,FWD,Automatic,Hatchback,JDM/TZ
Honda,Fit,2022,RS,1.5L L15B,FWD,Automatic,Hatchback,JDM/TZ
Honda,Fit,2022,Hybrid,1.5L Hybrid,FWD,Automatic,Hatchback,JDM/TZ
Honda,Fit,2023,13G,1.3L L13B,FWD,Automatic,Hatchback,JDM/TZ
Honda,Fit,2023,RS,1.5L L15B,FWD,Automatic,Hatchback,JDM/TZ
Honda,Fit,2023,Hybrid,1.5L Hybrid,FWD,Automatic,Hatchback,JDM/TZ
Honda,CR-V,2005,EX,2.0L R20A,FWD,Automatic,SUV,JDM/TZ
Honda,CR-V,2005,ZX,2.4L K24A,FWD,Automatic,SUV,JDM/TZ
Honda,CR-V,2005,EX Turbo,1.5L Turbo,FWD,Automatic,SUV,JDM/TZ
Honda,CR-V,2006,EX,2.0L R20A,FWD,Automatic,SUV,JDM/TZ
Honda,CR-V,2006,ZX,2.4L K24A,FWD,Automatic,SUV,JDM/TZ
Honda,CR-V,2006,EX Turbo,1.5L Turbo,FWD,Automatic,SUV,JDM/TZ
Honda,CR-V,2007,EX,2.0L R20A,FWD,Automatic,SUV,JDM/TZ
Honda,CR-V,2007,ZX,2.4L K24A,FWD,Automatic,SUV,JDM/TZ
Honda,CR-V,2007,EX Turbo,1.5L Turbo,FWD,Automatic,SUV,JDM/TZ
Honda,CR-V,2008,EX,2.0L R20A,FWD,Automatic,SUV,JDM/TZ
Honda,CR-V,2008,ZX,2.4L K24A,FWD,Automatic,SUV,JDM/TZ
Honda,CR-V,2008,EX Turbo,1.5L Turbo,FWD,Automatic,SUV,JDM/TZ
Honda,CR-V,2009,EX,2.0L R20A,FWD,Automatic,SUV,JDM/TZ
Honda,CR-V,2009,ZX,2.4L K24A,FWD,Automatic,SUV,JDM/TZ
Honda,CR-V,2009,EX Turbo,1.5L Turbo,FWD,Automatic,SUV,JDM/TZ
Honda,CR-V,2010,EX,2.0L R20A,FWD,Automatic,SUV,JDM/TZ
Honda,CR-V,2010,ZX,2.4L K24A,FWD,Automatic,SUV,JDM/TZ
Honda,CR-V,2010,EX Turbo,1.5L Turbo,FWD,Automatic,SUV,JDM/TZ
Honda,CR-V,2011,EX,2.0L R20A,FWD,Automatic,SUV,JDM/TZ
Honda,CR-V,2011,ZX,2.4L K24A,FWD,Automatic,SUV,JDM/TZ
Honda,CR-V,2011,EX Turbo,1.5L Turbo,FWD,Automatic,SUV,JDM/TZ
Honda,CR-V,2012,EX,2.0L R20A,FWD,Automatic,SUV,JDM/TZ
Honda,CR-V,2012,ZX,2.4L K24A,FWD,Automatic,SUV,JDM/TZ
Honda,CR-V,2012,EX Turbo,1.5L Turbo,FWD,Automatic,SUV,JDM/TZ
Honda,CR-V,2013,EX,2.0L R20A,FWD,Automatic,SUV,JDM/TZ
Honda,CR-V,2013,ZX,2.4L K24A,FWD,Automatic,SUV,JDM/TZ
Honda,CR-V,2013,EX Turbo,1.5L Turbo,FWD,Automatic,SUV,JDM/TZ
Honda,CR-V,2014,EX,2.0L R20A,FWD,Automatic,SUV,JDM/TZ
Honda,CR-V,2014,ZX,2.4L K24A,FWD,Automatic,SUV,JDM/TZ
Honda,CR-V,2014,EX Turbo,1.5L Turbo,FWD,Automatic,SUV,JDM/TZ
Honda,CR-V,2015,EX,2.0L R20A,FWD,Automatic,SUV,JDM/TZ
Honda,CR-V,2015,ZX,2.4L K24A,FWD,Automatic,SUV,JDM/TZ
Honda,CR-V,2015,EX Turbo,1.5L Turbo,FWD,Automatic,SUV,JDM/TZ
Honda,CR-V,2016,EX,2.0L R20A,FWD,Automatic,SUV,JDM/TZ
Honda,CR-V,2016,ZX,2.4L K24A,FWD,Automatic,SUV,JDM/TZ
Honda,CR-V,2016,EX Turbo,1.5L Turbo,FWD,Automatic,SUV,JDM/TZ
Honda,CR-V,2017,EX,2.0L R20A,FWD,Automatic,SUV,JDM/TZ
Honda,CR-V,2017,ZX,2.4L K24A,FWD,Automatic,SUV,JDM/TZ
Honda,CR-V,2017,EX Turbo,1.5L Turbo,FWD,Automatic,SUV,JDM/TZ
Honda,CR-V,2018,EX,2.0L R20A,FWD,Automatic,SUV,JDM/TZ
Honda,CR-V,2018,ZX,2.4L K24A,FWD,Automatic,SUV,JDM/TZ
Honda,CR-V,2018,EX Turbo,1.5L Turbo,FWD,Automatic,SUV,JDM/TZ
Honda,CR-V,2019,EX,2.0L R20A,FWD,Automatic,SUV,JDM/TZ
Honda,CR-V,2019,ZX,2.4L K24A,FWD,Automatic,SUV,JDM/TZ
Honda,CR-V,2019,EX Turbo,1.5L Turbo,FWD,Automatic,SUV,JDM/TZ
Honda,CR-V,2020,EX,2.0L R20A,FWD,Automatic,SUV,JDM/TZ
Honda,CR-V,2020,ZX,2.4L K24A,FWD,Automatic,SUV,JDM/TZ
Honda,CR-V,2020,EX Turbo,1.5L Turbo,FWD,Automatic,SUV,JDM/TZ
Honda,CR-V,2021,EX,2.0L R20A,FWD,Automatic,SUV,JDM/TZ
Honda,CR-V,2021,ZX,2.4L K24A,FWD,Automatic,SUV,JDM/TZ
Honda,CR-V,2021,EX Turbo,1.5L Turbo,FWD,Automatic,SUV,JDM/TZ
Honda,CR-V,2022,EX,2.0L R20A,FWD,Automatic,SUV,JDM/TZ
Honda,CR-V,2022,ZX,2.4L K24A,FWD,Automatic,SUV,JDM/TZ
Honda,CR-V,2022,EX Turbo,1.5L Turbo,FWD,Automatic,SUV,JDM/TZ
Honda,CR-V,2023,EX,2.0L R20A,FWD,Automatic,SUV,JDM/TZ
Honda,CR-V,2023,ZX,2.4L K24A,FWD,Automatic,SUV,JDM/TZ
Honda,CR-V,2023,EX Turbo,1.5L Turbo,FWD,Automatic,SUV,JDM/TZ
Honda,Vezel,2013,X,1.5L L15B,FWD,Automatic,SUV,JDM/TZ
Honda,Vezel,2013,Hybrid Z,1.5L Hybrid,FWD,Automatic,SUV,JDM/TZ
Honda,Vezel,2014,X,1.5L L15B,FWD,Automatic,SUV,JDM/TZ
Honda,Vezel,2014,Hybrid Z,1.5L Hybrid,FWD,Automatic,SUV,JDM/TZ
Honda,Vezel,2015,X,1.5L L15B,FWD,Automatic,SUV,JDM/TZ
Honda,Vezel,2015,Hybrid Z,1.5L Hybrid,FWD,Automatic,SUV,JDM/TZ
Honda,Vezel,2016,X,1.5L L15B,FWD,Automatic,SUV,JDM/TZ
Honda,Vezel,2016,Hybrid Z,1.5L Hybrid,FWD,Automatic,SUV,JDM/TZ
Honda,Vezel,2017,X,1.5L L15B,FWD,Automatic,SUV,JDM/TZ
Honda,Vezel,2017,Hybrid Z,1.5L Hybrid,FWD,Automatic,SUV,JDM/TZ
Honda,Vezel,2018,X,1.5L L15B,FWD,Automatic,SUV,JDM/TZ
Honda,Vezel,2018,Hybrid Z,1.5L Hybrid,FWD,Automatic,SUV,JDM/TZ
Honda,Vezel,2019,X,1.5L L15B,FWD,Automatic,SUV,JDM/TZ
Honda,Vezel,2019,Hybrid Z,1.5L Hybrid,FWD,Automatic,SUV,JDM/TZ
Honda,Vezel,2020,X,1.5L L15B,FWD,Automatic,SUV,JDM/TZ
Honda,Vezel,2020,Hybrid Z,1.5L Hybrid,FWD,Automatic,SUV,JDM/TZ
Honda,Vezel,2021,X,1.5L L15B,FWD,Automatic,SUV,JDM/TZ
Honda,Vezel,2021,Hybrid Z,1.5L Hybrid,FWD,Automatic,SUV,JDM/TZ
Honda,Vezel,2022,X,1.5L L15B,FWD,Automatic,SUV,JDM/TZ
Honda,Vezel,2022,Hybrid Z,1.5L Hybrid,FWD,Automatic,SUV,JDM/TZ
Honda,Vezel,2023,X,1.5L L15B,FWD,Automatic,SUV,JDM/TZ
Honda,Vezel,2023,Hybrid Z,1.5L Hybrid,FWD,Automatic,SUV,JDM/TZ
Honda,Stepwgn,2005,G,2.0L R20A,FWD,Automatic,Van/Minivan,JDM/TZ
Honda,Stepwgn,2005,Spada,1.5L Turbo,FWD,Automatic,Van/Minivan,JDM/TZ
Honda,Stepwgn,2006,G,2.0L R20A,FWD,Automatic,Van/Minivan,JDM/TZ
Honda,Stepwgn,2006,Spada,1.5L Turbo,FWD,Automatic,Van/Minivan,JDM/TZ
Honda,Stepwgn,2007,G,2.0L R20A,FWD,Automatic,Van/Minivan,JDM/TZ
Honda,Stepwgn,2007,Spada,1.5L Turbo,FWD,Automatic,Van/Minivan,JDM/TZ
Honda,Stepwgn,2008,G,2.0L R20A,FWD,Automatic,Van/Minivan,JDM/TZ
Honda,Stepwgn,2008,Spada,1.5L Turbo,FWD,Automatic,Van/Minivan,JDM/TZ
Honda,Stepwgn,2009,G,2.0L R20A,FWD,Automatic,Van/Minivan,JDM/TZ
Honda,Stepwgn,2009,Spada,1.5L Turbo,FWD,Automatic,Van/Minivan,JDM/TZ
Honda,Stepwgn,2010,G,2.0L R20A,FWD,Automatic,Van/Minivan,JDM/TZ
Honda,Stepwgn,2010,Spada,1.5L Turbo,FWD,Automatic,Van/Minivan,JDM/TZ
Honda,Stepwgn,2011,G,2.0L R20A,FWD,Automatic,Van/Minivan,JDM/TZ
Honda,Stepwgn,2011,Spada,1.5L Turbo,FWD,Automatic,Van/Minivan,JDM/TZ
Honda,Stepwgn,2012,G,2.0L R20A,FWD,Automatic,Van/Minivan,JDM/TZ
Honda,Stepwgn,2012,Spada,1.5L Turbo,FWD,Automatic,Van/Minivan,JDM/TZ
Honda,Stepwgn,2013,G,2.0L R20A,FWD,Automatic,Van/Minivan,JDM/TZ
Honda,Stepwgn,2013,Spada,1.5L Turbo,FWD,Automatic,Van/Minivan,JDM/TZ
Honda,Stepwgn,2014,G,2.0L R20A,FWD,Automatic,Van/Minivan,JDM/TZ
Honda,Stepwgn,2014,Spada,1.5L Turbo,FWD,Automatic,Van/Minivan,JDM/TZ
Honda,Stepwgn,2015,G,2.0L R20A,FWD,Automatic,Van/Minivan,JDM/TZ
Honda,Stepwgn,2015,Spada,1.5L Turbo,FWD,Automatic,Van/Minivan,JDM/TZ
Honda,Stepwgn,2016,G,2.0L R20A,FWD,Automatic,Van/Minivan,JDM/TZ
Honda,Stepwgn,2016,Spada,1.5L Turbo,FWD,Automatic,Van/Minivan,JDM/TZ
Honda,Stepwgn,2017,G,2.0L R20A,FWD,Automatic,Van/Minivan,JDM/TZ
Honda,Stepwgn,2017,Spada,1.5L Turbo,FWD,Automatic,Van/Minivan,JDM/TZ
Honda,Stepwgn,2018,G,2.0L R20A,FWD,Automatic,Van/Minivan,JDM/TZ
Honda,Stepwgn,2018,Spada,1.5L Turbo,FWD,Automatic,Van/Minivan,JDM/TZ
Honda,Stepwgn,2019,G,2.0L R20A,FWD,Automatic,Van/Minivan,JDM/TZ
Honda,Stepwgn,2019,Spada,1.5L Turbo,FWD,Automatic,Van/Minivan,JDM/TZ
Honda,Stepwgn,2020,G,2.0L R20A,FWD,Automatic,Van/Minivan,JDM/TZ
Honda,Stepwgn,2020,Spada,1.5L Turbo,FWD,Automatic,Van/Minivan,JDM/TZ
Honda,Stepwgn,2021,G,2.0L R20A,FWD,Automatic,Van/Minivan,JDM/TZ
Honda,Stepwgn,2021,Spada,1.5L Turbo,FWD,Automatic,Van/Minivan,JDM/TZ
Honda,Stepwgn,2022,G,2.0L R20A,FWD,Automatic,Van/Minivan,JDM/TZ
Honda,Stepwgn,2022,Spada,1.5L Turbo,FWD,Automatic,Van/Minivan,JDM/TZ
Honda,Stepwgn,2023,G,2.0L R20A,FWD,Automatic,Van/Minivan,JDM/TZ
Honda,Stepwgn,2023,Spada,1.5L Turbo,FWD,Automatic,Van/Minivan,JDM/TZ
Honda,Insight,2009,G,1.3L Hybrid,FWD,Automatic,Sedan,JDM/TZ
Honda,Insight,2009,EX,1.5L Hybrid,FWD,Automatic,Sedan,JDM/TZ
Honda,Insight,2010,G,1.3L Hybrid,FWD,Automatic,Sedan,JDM/TZ
Honda,Insight,2010,EX,1.5L Hybrid,FWD,Automatic,Sedan,JDM/TZ
Honda,Insight,2011,G,1.3L Hybrid,FWD,Automatic,Sedan,JDM/TZ
Honda,Insight,2011,EX,1.5L Hybrid,FWD,Automatic,Sedan,JDM/TZ
Honda,Insight,2012,G,1.3L Hybrid,FWD,Automatic,Sedan,JDM/TZ
Honda,Insight,2012,EX,1.5L Hybrid,FWD,Automatic,Sedan,JDM/TZ
Honda,Insight,2013,G,1.3L Hybrid,FWD,Automatic,Sedan,JDM/TZ
Honda,Insight,2013,EX,1.5L Hybrid,FWD,Automatic,Sedan,JDM/TZ
Honda,Insight,2014,G,1.3L Hybrid,FWD,Automatic,Sedan,JDM/TZ
Honda,Insight,2014,EX,1.5L Hybrid,FWD,Automatic,Sedan,JDM/TZ
Honda,Insight,2015,G,1.3L Hybrid,FWD,Automatic,Sedan,JDM/TZ
Honda,Insight,2015,EX,1.5L Hybrid,FWD,Automatic,Sedan,JDM/TZ
Honda,Insight,2016,G,1.3L Hybrid,FWD,Automatic,Sedan,JDM/TZ
Honda,Insight,2016,EX,1.5L Hybrid,FWD,Automatic,Sedan,JDM/TZ
Honda,Insight,2017,G,1.3L Hybrid,FWD,Automatic,Sedan,JDM/TZ
Honda,Insight,2017,EX,1.5L Hybrid,FWD,Automatic,Sedan,JDM/TZ
Honda,Insight,2018,G,1.3L Hybrid,FWD,Automatic,Sedan,JDM/TZ
Honda,Insight,2018,EX,1.5L Hybrid,FWD,Automatic,Sedan,JDM/TZ
Honda,Insight,2019,G,1.3L Hybrid,FWD,Automatic,Sedan,JDM/TZ
Honda,Insight,2019,EX,1.5L Hybrid,FWD,Automatic,Sedan,JDM/TZ
Honda,Insight,2020,G,1.3L Hybrid,FWD,Automatic,Sedan,JDM/TZ
Honda,Insight,2020,EX,1.5L Hybrid,FWD,Automatic,Sedan,JDM/TZ
Honda,Insight,2021,G,1.3L Hybrid,FWD,Automatic,Sedan,JDM/TZ
Honda,Insight,2021,EX,1.5L Hybrid,FWD,Automatic,Sedan,JDM/TZ
Honda,Freed,2008,G,1.5L L15A,FWD,Automatic,Van/Minivan,JDM/TZ
Honda,Freed,2008,Hybrid,1.5L Hybrid,FWD,Automatic,Van/Minivan,JDM/TZ
Honda,Freed,2009,G,1.5L L15A,FWD,Automatic,Van/Minivan,JDM/TZ
Honda,Freed,2009,Hybrid,1.5L Hybrid,FWD,Automatic,Van/Minivan,JDM/TZ
Honda,Freed,2010,G,1.5L L15A,FWD,Automatic,Van/Minivan,JDM/TZ
Honda,Freed,2010,Hybrid,1.5L Hybrid,FWD,Automatic,Van/Minivan,JDM/TZ
Honda,Freed,2011,G,1.5L L15A,FWD,Automatic,Van/Minivan,JDM/TZ
Honda,Freed,2011,Hybrid,1.5L Hybrid,FWD,Automatic,Van/Minivan,JDM/TZ
Honda,Freed,2012,G,1.5L L15A,FWD,Automatic,Van/Minivan,JDM/TZ
Honda,Freed,2012,Hybrid,1.5L Hybrid,FWD,Automatic,Van/Minivan,JDM/TZ
Honda,Freed,2013,G,1.5L L15A,FWD,Automatic,Van/Minivan,JDM/TZ
Honda,Freed,2013,Hybrid,1.5L Hybrid,FWD,Automatic,Van/Minivan,JDM/TZ
Honda,Freed,2014,G,1.5L L15A,FWD,Automatic,Van/Minivan,JDM/TZ
Honda,Freed,2014,Hybrid,1.5L Hybrid,FWD,Automatic,Van/Minivan,JDM/TZ
Honda,Freed,2015,G,1.5L L15A,FWD,Automatic,Van/Minivan,JDM/TZ
Honda,Freed,2015,Hybrid,1.5L Hybrid,FWD,Automatic,Van/Minivan,JDM/TZ
Honda,Freed,2016,G,1.5L L15A,FWD,Automatic,Van/Minivan,JDM/TZ
Honda,Freed,2016,Hybrid,1.5L Hybrid,FWD,Automatic,Van/Minivan,JDM/TZ
Honda,Freed,2017,G,1.5L L15A,FWD,Automatic,Van/Minivan,JDM/TZ
Honda,Freed,2017,Hybrid,1.5L Hybrid,FWD,Automatic,Van/Minivan,JDM/TZ
Honda,Freed,2018,G,1.5L L15A,FWD,Automatic,Van/Minivan,JDM/TZ
Honda,Freed,2018,Hybrid,1.5L Hybrid,FWD,Automatic,Van/Minivan,JDM/TZ
Honda,Freed,2019,G,1.5L L15A,FWD,Automatic,Van/Minivan,JDM/TZ
Honda,Freed,2019,Hybrid,1.5L Hybrid,FWD,Automatic,Van/Minivan,JDM/TZ
Honda,Freed,2020,G,1.5L L15A,FWD,Automatic,Van/Minivan,JDM/TZ
Honda,Freed,2020,Hybrid,1.5L Hybrid,FWD,Automatic,Van/Minivan,JDM/TZ
Honda,Freed,2021,G,1.5L L15A,FWD,Automatic,Van/Minivan,JDM/TZ
Honda,Freed,2021,Hybrid,1.5L Hybrid,FWD,Automatic,Van/Minivan,JDM/TZ
Honda,Freed,2022,G,1.5L L15A,FWD,Automatic,Van/Minivan,JDM/TZ
Honda,Freed,2022,Hybrid,1.5L Hybrid,FWD,Automatic,Van/Minivan,JDM/TZ
Honda,Freed,2023,G,1.5L L15A,FWD,Automatic,Van/Minivan,JDM/TZ
Honda,Freed,2023,Hybrid,1.5L Hybrid,FWD,Automatic,Van/Minivan,JDM/TZ
Honda,Stream,2005,RSZ,1.8L R18A,FWD,Automatic,Sedan,JDM/TZ
Honda,Stream,2005,ZS,2.0L R20A,FWD,Automatic,Sedan,JDM/TZ
Honda,Stream,2006,RSZ,1.8L R18A,FWD,Automatic,Sedan,JDM/TZ
Honda,Stream,2006,ZS,2.0L R20A,FWD,Automatic,Sedan,JDM/TZ
Honda,Stream,2007,RSZ,1.8L R18A,FWD,Automatic,Sedan,JDM/TZ
Honda,Stream,2007,ZS,2.0L R20A,FWD,Automatic,Sedan,JDM/TZ
Honda,Stream,2008,RSZ,1.8L R18A,FWD,Automatic,Sedan,JDM/TZ
Honda,Stream,2008,ZS,2.0L R20A,FWD,Automatic,Sedan,JDM/TZ
Honda,Stream,2009,RSZ,1.8L R18A,FWD,Automatic,Sedan,JDM/TZ
Honda,Stream,2009,ZS,2.0L R20A,FWD,Automatic,Sedan,JDM/TZ
Honda,Stream,2010,RSZ,1.8L R18A,FWD,Automatic,Sedan,JDM/TZ
Honda,Stream,2010,ZS,2.0L R20A,FWD,Automatic,Sedan,JDM/TZ
Honda,Stream,2011,RSZ,1.8L R18A,FWD,Automatic,Sedan,JDM/TZ
Honda,Stream,2011,ZS,2.0L R20A,FWD,Automatic,Sedan,JDM/TZ
Honda,Stream,2012,RSZ,1.8L R18A,FWD,Automatic,Sedan,JDM/TZ
Honda,Stream,2012,ZS,2.0L R20A,FWD,Automatic,Sedan,JDM/TZ
Honda,Stream,2013,RSZ,1.8L R18A,FWD,Automatic,Sedan,JDM/TZ
Honda,Stream,2013,ZS,2.0L R20A,FWD,Automatic,Sedan,JDM/TZ
Honda,Stream,2014,RSZ,1.8L R18A,FWD,Automatic,Sedan,JDM/TZ
Honda,Stream,2014,ZS,2.0L R20A,FWD,Automatic,Sedan,JDM/TZ
Mitsubishi,Pajero,2005,Exceed,3.2L DI-D Diesel,4WD,Automatic,SUV,JDM/TZ
Mitsubishi,Pajero,2005,Super Exceed,3.8L V6 MIVEC,4WD,Automatic,SUV,JDM/TZ
Mitsubishi,Pajero,2006,Exceed,3.2L DI-D Diesel,4WD,Automatic,SUV,JDM/TZ
Mitsubishi,Pajero,2006,Super Exceed,3.8L V6 MIVEC,4WD,Automatic,SUV,JDM/TZ
Mitsubishi,Pajero,2007,Exceed,3.2L DI-D Diesel,4WD,Automatic,SUV,JDM/TZ
Mitsubishi,Pajero,2007,Super Exceed,3.8L V6 MIVEC,4WD,Automatic,SUV,JDM/TZ
Mitsubishi,Pajero,2008,Exceed,3.2L DI-D Diesel,4WD,Automatic,SUV,JDM/TZ
Mitsubishi,Pajero,2008,Super Exceed,3.8L V6 MIVEC,4WD,Automatic,SUV,JDM/TZ
Mitsubishi,Pajero,2009,Exceed,3.2L DI-D Diesel,4WD,Automatic,SUV,JDM/TZ
Mitsubishi,Pajero,2009,Super Exceed,3.8L V6 MIVEC,4WD,Automatic,SUV,JDM/TZ
Mitsubishi,Pajero,2010,Exceed,3.2L DI-D Diesel,4WD,Automatic,SUV,JDM/TZ
Mitsubishi,Pajero,2010,Super Exceed,3.8L V6 MIVEC,4WD,Automatic,SUV,JDM/TZ
Mitsubishi,Pajero,2011,Exceed,3.2L DI-D Diesel,4WD,Automatic,SUV,JDM/TZ
Mitsubishi,Pajero,2011,Super Exceed,3.8L V6 MIVEC,4WD,Automatic,SUV,JDM/TZ
Mitsubishi,Pajero,2012,Exceed,3.2L DI-D Diesel,4WD,Automatic,SUV,JDM/TZ
Mitsubishi,Pajero,2012,Super Exceed,3.8L V6 MIVEC,4WD,Automatic,SUV,JDM/TZ
Mitsubishi,Pajero,2013,Exceed,3.2L DI-D Diesel,4WD,Automatic,SUV,JDM/TZ
Mitsubishi,Pajero,2013,Super Exceed,3.8L V6 MIVEC,4WD,Automatic,SUV,JDM/TZ
Mitsubishi,Pajero,2014,Exceed,3.2L DI-D Diesel,4WD,Automatic,SUV,JDM/TZ
Mitsubishi,Pajero,2014,Super Exceed,3.8L V6 MIVEC,4WD,Automatic,SUV,JDM/TZ
Mitsubishi,Pajero,2015,Exceed,3.2L DI-D Diesel,4WD,Automatic,SUV,JDM/TZ
Mitsubishi,Pajero,2015,Super Exceed,3.8L V6 MIVEC,4WD,Automatic,SUV,JDM/TZ
Mitsubishi,Pajero,2016,Exceed,3.2L DI-D Diesel,4WD,Automatic,SUV,JDM/TZ
Mitsubishi,Pajero,2016,Super Exceed,3.8L V6 MIVEC,4WD,Automatic,SUV,JDM/TZ
Mitsubishi,Pajero,2017,Exceed,3.2L DI-D Diesel,4WD,Automatic,SUV,JDM/TZ
Mitsubishi,Pajero,2017,Super Exceed,3.8L V6 MIVEC,4WD,Automatic,SUV,JDM/TZ
Mitsubishi,Pajero,2018,Exceed,3.2L DI-D Diesel,4WD,Automatic,SUV,JDM/TZ
Mitsubishi,Pajero,2018,Super Exceed,3.8L V6 MIVEC,4WD,Automatic,SUV,JDM/TZ
Mitsubishi,Pajero,2019,Exceed,3.2L DI-D Diesel,4WD,Automatic,SUV,JDM/TZ
Mitsubishi,Pajero,2019,Super Exceed,3.8L V6 MIVEC,4WD,Automatic,SUV,JDM/TZ
Mitsubishi,Pajero,2020,Exceed,3.2L DI-D Diesel,4WD,Automatic,SUV,JDM/TZ
Mitsubishi,Pajero,2020,Super Exceed,3.8L V6 MIVEC,4WD,Automatic,SUV,JDM/TZ
Mitsubishi,Pajero,2021,Exceed,3.2L DI-D Diesel,4WD,Automatic,SUV,JDM/TZ
Mitsubishi,Pajero,2021,Super Exceed,3.8L V6 MIVEC,4WD,Automatic,SUV,JDM/TZ
Mitsubishi,Outlander,2005,24G,2.4L 4B12,FWD,Automatic,SUV,JDM/TZ
Mitsubishi,Outlander,2005,PHEV,2.0L Plug-in Hybrid,FWD,Automatic,SUV,JDM/TZ
Mitsubishi,Outlander,2006,24G,2.4L 4B12,FWD,Automatic,SUV,JDM/TZ
Mitsubishi,Outlander,2006,PHEV,2.0L Plug-in Hybrid,FWD,Automatic,SUV,JDM/TZ
Mitsubishi,Outlander,2007,24G,2.4L 4B12,FWD,Automatic,SUV,JDM/TZ
Mitsubishi,Outlander,2007,PHEV,2.0L Plug-in Hybrid,FWD,Automatic,SUV,JDM/TZ
Mitsubishi,Outlander,2008,24G,2.4L 4B12,FWD,Automatic,SUV,JDM/TZ
Mitsubishi,Outlander,2008,PHEV,2.0L Plug-in Hybrid,FWD,Automatic,SUV,JDM/TZ
Mitsubishi,Outlander,2009,24G,2.4L 4B12,FWD,Automatic,SUV,JDM/TZ
Mitsubishi,Outlander,2009,PHEV,2.0L Plug-in Hybrid,FWD,Automatic,SUV,JDM/TZ
Mitsubishi,Outlander,2010,24G,2.4L 4B12,FWD,Automatic,SUV,JDM/TZ
Mitsubishi,Outlander,2010,PHEV,2.0L Plug-in Hybrid,FWD,Automatic,SUV,JDM/TZ
Mitsubishi,Outlander,2011,24G,2.4L 4B12,FWD,Automatic,SUV,JDM/TZ
Mitsubishi,Outlander,2011,PHEV,2.0L Plug-in Hybrid,FWD,Automatic,SUV,JDM/TZ
Mitsubishi,Outlander,2012,24G,2.4L 4B12,FWD,Automatic,SUV,JDM/TZ
Mitsubishi,Outlander,2012,PHEV,2.0L Plug-in Hybrid,FWD,Automatic,SUV,JDM/TZ
Mitsubishi,Outlander,2013,24G,2.4L 4B12,FWD,Automatic,SUV,JDM/TZ
Mitsubishi,Outlander,2013,PHEV,2.0L Plug-in Hybrid,FWD,Automatic,SUV,JDM/TZ
Mitsubishi,Outlander,2014,24G,2.4L 4B12,FWD,Automatic,SUV,JDM/TZ
Mitsubishi,Outlander,2014,PHEV,2.0L Plug-in Hybrid,FWD,Automatic,SUV,JDM/TZ
Mitsubishi,Outlander,2015,24G,2.4L 4B12,FWD,Automatic,SUV,JDM/TZ
Mitsubishi,Outlander,2015,PHEV,2.0L Plug-in Hybrid,FWD,Automatic,SUV,JDM/TZ
Mitsubishi,Outlander,2016,24G,2.4L 4B12,FWD,Automatic,SUV,JDM/TZ
Mitsubishi,Outlander,2016,PHEV,2.0L Plug-in Hybrid,FWD,Automatic,SUV,JDM/TZ
Mitsubishi,Outlander,2017,24G,2.4L 4B12,FWD,Automatic,SUV,JDM/TZ
Mitsubishi,Outlander,2017,PHEV,2.0L Plug-in Hybrid,FWD,Automatic,SUV,JDM/TZ
Mitsubishi,Outlander,2018,24G,2.4L 4B12,FWD,Automatic,SUV,JDM/TZ
Mitsubishi,Outlander,2018,PHEV,2.0L Plug-in Hybrid,FWD,Automatic,SUV,JDM/TZ
Mitsubishi,Outlander,2019,24G,2.4L 4B12,FWD,Automatic,SUV,JDM/TZ
Mitsubishi,Outlander,2019,PHEV,2.0L Plug-in Hybrid,FWD,Automatic,SUV,JDM/TZ
Mitsubishi,Outlander,2020,24G,2.4L 4B12,FWD,Automatic,SUV,JDM/TZ
Mitsubishi,Outlander,2020,PHEV,2.0L Plug-in Hybrid,FWD,Automatic,SUV,JDM/TZ
Mitsubishi,Outlander,2021,24G,2.4L 4B12,FWD,Automatic,SUV,JDM/TZ
Mitsubishi,Outlander,2021,PHEV,2.0L Plug-in Hybrid,FWD,Automatic,SUV,JDM/TZ
Mitsubishi,Outlander,2022,24G,2.4L 4B12,FWD,Automatic,SUV,JDM/TZ
Mitsubishi,Outlander,2022,PHEV,2.0L Plug-in Hybrid,FWD,Automatic,SUV,JDM/TZ
Mitsubishi,Outlander,2023,24G,2.4L 4B12,FWD,Automatic,SUV,JDM/TZ
Mitsubishi,Outlander,2023,PHEV,2.0L Plug-in Hybrid,FWD,Automatic,SUV,JDM/TZ
Mitsubishi,L200 / Triton,2005,GLX,2.5L DI-D,4WD,Automatic,Truck,JDM/TZ
Mitsubishi,L200 / Triton,2005,Warrior,2.4L MIVEC Diesel,4WD,Automatic,Truck,JDM/TZ
Mitsubishi,L200 / Triton,2006,GLX,2.5L DI-D,4WD,Automatic,Truck,JDM/TZ
Mitsubishi,L200 / Triton,2006,Warrior,2.4L MIVEC Diesel,4WD,Automatic,Truck,JDM/TZ
Mitsubishi,L200 / Triton,2007,GLX,2.5L DI-D,4WD,Automatic,Truck,JDM/TZ
Mitsubishi,L200 / Triton,2007,Warrior,2.4L MIVEC Diesel,4WD,Automatic,Truck,JDM/TZ
Mitsubishi,L200 / Triton,2008,GLX,2.5L DI-D,4WD,Automatic,Truck,JDM/TZ
Mitsubishi,L200 / Triton,2008,Warrior,2.4L MIVEC Diesel,4WD,Automatic,Truck,JDM/TZ
Mitsubishi,L200 / Triton,2009,GLX,2.5L DI-D,4WD,Automatic,Truck,JDM/TZ
Mitsubishi,L200 / Triton,2009,Warrior,2.4L MIVEC Diesel,4WD,Automatic,Truck,JDM/TZ
Mitsubishi,L200 / Triton,2010,GLX,2.5L DI-D,4WD,Automatic,Truck,JDM/TZ
Mitsubishi,L200 / Triton,2010,Warrior,2.4L MIVEC Diesel,4WD,Automatic,Truck,JDM/TZ
Mitsubishi,L200 / Triton,2011,GLX,2.5L DI-D,4WD,Automatic,Truck,JDM/TZ
Mitsubishi,L200 / Triton,2011,Warrior,2.4L MIVEC Diesel,4WD,Automatic,Truck,JDM/TZ
Mitsubishi,L200 / Triton,2012,GLX,2.5L DI-D,4WD,Automatic,Truck,JDM/TZ
Mitsubishi,L200 / Triton,2012,Warrior,2.4L MIVEC Diesel,4WD,Automatic,Truck,JDM/TZ
Mitsubishi,L200 / Triton,2013,GLX,2.5L DI-D,4WD,Automatic,Truck,JDM/TZ
Mitsubishi,L200 / Triton,2013,Warrior,2.4L MIVEC Diesel,4WD,Automatic,Truck,JDM/TZ
Mitsubishi,L200 / Triton,2014,GLX,2.5L DI-D,4WD,Automatic,Truck,JDM/TZ
Mitsubishi,L200 / Triton,2014,Warrior,2.4L MIVEC Diesel,4WD,Automatic,Truck,JDM/TZ
Mitsubishi,L200 / Triton,2015,GLX,2.5L DI-D,4WD,Automatic,Truck,JDM/TZ
Mitsubishi,L200 / Triton,2015,Warrior,2.4L MIVEC Diesel,4WD,Automatic,Truck,JDM/TZ
Mitsubishi,L200 / Triton,2016,GLX,2.5L DI-D,4WD,Automatic,Truck,JDM/TZ
Mitsubishi,L200 / Triton,2016,Warrior,2.4L MIVEC Diesel,4WD,Automatic,Truck,JDM/TZ
Mitsubishi,L200 / Triton,2017,GLX,2.5L DI-D,4WD,Automatic,Truck,JDM/TZ
Mitsubishi,L200 / Triton,2017,Warrior,2.4L MIVEC Diesel,4WD,Automatic,Truck,JDM/TZ
Mitsubishi,L200 / Triton,2018,GLX,2.5L DI-D,4WD,Automatic,Truck,JDM/TZ
Mitsubishi,L200 / Triton,2018,Warrior,2.4L MIVEC Diesel,4WD,Automatic,Truck,JDM/TZ
Mitsubishi,L200 / Triton,2019,GLX,2.5L DI-D,4WD,Automatic,Truck,JDM/TZ
Mitsubishi,L200 / Triton,2019,Warrior,2.4L MIVEC Diesel,4WD,Automatic,Truck,JDM/TZ
Mitsubishi,L200 / Triton,2020,GLX,2.5L DI-D,4WD,Automatic,Truck,JDM/TZ
Mitsubishi,L200 / Triton,2020,Warrior,2.4L MIVEC Diesel,4WD,Automatic,Truck,JDM/TZ
Mitsubishi,L200 / Triton,2021,GLX,2.5L DI-D,4WD,Automatic,Truck,JDM/TZ
Mitsubishi,L200 / Triton,2021,Warrior,2.4L MIVEC Diesel,4WD,Automatic,Truck,JDM/TZ
Mitsubishi,L200 / Triton,2022,GLX,2.5L DI-D,4WD,Automatic,Truck,JDM/TZ
Mitsubishi,L200 / Triton,2022,Warrior,2.4L MIVEC Diesel,4WD,Automatic,Truck,JDM/TZ
Mitsubishi,L200 / Triton,2023,GLX,2.5L DI-D,4WD,Automatic,Truck,JDM/TZ
Mitsubishi,L200 / Triton,2023,Warrior,2.4L MIVEC Diesel,4WD,Automatic,Truck,JDM/TZ
Mitsubishi,Canter,2005,Guts,3.0L Diesel,FWD,Automatic,Truck,JDM/TZ
Mitsubishi,Canter,2005,FE,4.9L Diesel,FWD,Automatic,Truck,JDM/TZ
Mitsubishi,Canter,2006,Guts,3.0L Diesel,FWD,Automatic,Truck,JDM/TZ
Mitsubishi,Canter,2006,FE,4.9L Diesel,FWD,Automatic,Truck,JDM/TZ
Mitsubishi,Canter,2007,Guts,3.0L Diesel,FWD,Automatic,Truck,JDM/TZ
Mitsubishi,Canter,2007,FE,4.9L Diesel,FWD,Automatic,Truck,JDM/TZ
Mitsubishi,Canter,2008,Guts,3.0L Diesel,FWD,Automatic,Truck,JDM/TZ
Mitsubishi,Canter,2008,FE,4.9L Diesel,FWD,Automatic,Truck,JDM/TZ
Mitsubishi,Canter,2009,Guts,3.0L Diesel,FWD,Automatic,Truck,JDM/TZ
Mitsubishi,Canter,2009,FE,4.9L Diesel,FWD,Automatic,Truck,JDM/TZ
Mitsubishi,Canter,2010,Guts,3.0L Diesel,FWD,Automatic,Truck,JDM/TZ
Mitsubishi,Canter,2010,FE,4.9L Diesel,FWD,Automatic,Truck,JDM/TZ
Mitsubishi,Canter,2011,Guts,3.0L Diesel,FWD,Automatic,Truck,JDM/TZ
Mitsubishi,Canter,2011,FE,4.9L Diesel,FWD,Automatic,Truck,JDM/TZ
Mitsubishi,Canter,2012,Guts,3.0L Diesel,FWD,Automatic,Truck,JDM/TZ
Mitsubishi,Canter,2012,FE,4.9L Diesel,FWD,Automatic,Truck,JDM/TZ
Mitsubishi,Canter,2013,Guts,3.0L Diesel,FWD,Automatic,Truck,JDM/TZ
Mitsubishi,Canter,2013,FE,4.9L Diesel,FWD,Automatic,Truck,JDM/TZ
Mitsubishi,Canter,2014,Guts,3.0L Diesel,FWD,Automatic,Truck,JDM/TZ
Mitsubishi,Canter,2014,FE,4.9L Diesel,FWD,Automatic,Truck,JDM/TZ
Mitsubishi,Canter,2015,Guts,3.0L Diesel,FWD,Automatic,Truck,JDM/TZ
Mitsubishi,Canter,2015,FE,4.9L Diesel,FWD,Automatic,Truck,JDM/TZ
Mitsubishi,Canter,2016,Guts,3.0L Diesel,FWD,Automatic,Truck,JDM/TZ
Mitsubishi,Canter,2016,FE,4.9L Diesel,FWD,Automatic,Truck,JDM/TZ
Mitsubishi,Canter,2017,Guts,3.0L Diesel,FWD,Automatic,Truck,JDM/TZ
Mitsubishi,Canter,2017,FE,4.9L Diesel,FWD,Automatic,Truck,JDM/TZ
Mitsubishi,Canter,2018,Guts,3.0L Diesel,FWD,Automatic,Truck,JDM/TZ
Mitsubishi,Canter,2018,FE,4.9L Diesel,FWD,Automatic,Truck,JDM/TZ
Mitsubishi,Canter,2019,Guts,3.0L Diesel,FWD,Automatic,Truck,JDM/TZ
Mitsubishi,Canter,2019,FE,4.9L Diesel,FWD,Automatic,Truck,JDM/TZ
Mitsubishi,Canter,2020,Guts,3.0L Diesel,FWD,Automatic,Truck,JDM/TZ
Mitsubishi,Canter,2020,FE,4.9L Diesel,FWD,Automatic,Truck,JDM/TZ
Mitsubishi,Canter,2021,Guts,3.0L Diesel,FWD,Automatic,Truck,JDM/TZ
Mitsubishi,Canter,2021,FE,4.9L Diesel,FWD,Automatic,Truck,JDM/TZ
Mitsubishi,Canter,2022,Guts,3.0L Diesel,FWD,Automatic,Truck,JDM/TZ
Mitsubishi,Canter,2022,FE,4.9L Diesel,FWD,Automatic,Truck,JDM/TZ
Mitsubishi,Canter,2023,Guts,3.0L Diesel,FWD,Automatic,Truck,JDM/TZ
Mitsubishi,Canter,2023,FE,4.9L Diesel,FWD,Automatic,Truck,JDM/TZ
Mitsubishi,RVR,2010,G,1.8L 4B10,FWD,Automatic,SUV,JDM/TZ
Mitsubishi,RVR,2010,M,1.8L,FWD,Automatic,SUV,JDM/TZ
Mitsubishi,RVR,2011,G,1.8L 4B10,FWD,Automatic,SUV,JDM/TZ
Mitsubishi,RVR,2011,M,1.8L,FWD,Automatic,SUV,JDM/TZ
Mitsubishi,RVR,2012,G,1.8L 4B10,FWD,Automatic,SUV,JDM/TZ
Mitsubishi,RVR,2012,M,1.8L,FWD,Automatic,SUV,JDM/TZ
Mitsubishi,RVR,2013,G,1.8L 4B10,FWD,Automatic,SUV,JDM/TZ
Mitsubishi,RVR,2013,M,1.8L,FWD,Automatic,SUV,JDM/TZ
Mitsubishi,RVR,2014,G,1.8L 4B10,FWD,Automatic,SUV,JDM/TZ
Mitsubishi,RVR,2014,M,1.8L,FWD,Automatic,SUV,JDM/TZ
Mitsubishi,RVR,2015,G,1.8L 4B10,FWD,Automatic,SUV,JDM/TZ
Mitsubishi,RVR,2015,M,1.8L,FWD,Automatic,SUV,JDM/TZ
Mitsubishi,RVR,2016,G,1.8L 4B10,FWD,Automatic,SUV,JDM/TZ
Mitsubishi,RVR,2016,M,1.8L,FWD,Automatic,SUV,JDM/TZ
Mitsubishi,RVR,2017,G,1.8L 4B10,FWD,Automatic,SUV,JDM/TZ
Mitsubishi,RVR,2017,M,1.8L,FWD,Automatic,SUV,JDM/TZ
Mitsubishi,RVR,2018,G,1.8L 4B10,FWD,Automatic,SUV,JDM/TZ
Mitsubishi,RVR,2018,M,1.8L,FWD,Automatic,SUV,JDM/TZ
Mitsubishi,RVR,2019,G,1.8L 4B10,FWD,Automatic,SUV,JDM/TZ
Mitsubishi,RVR,2019,M,1.8L,FWD,Automatic,SUV,JDM/TZ
Mitsubishi,RVR,2020,G,1.8L 4B10,FWD,Automatic,SUV,JDM/TZ
Mitsubishi,RVR,2020,M,1.8L,FWD,Automatic,SUV,JDM/TZ
Mitsubishi,RVR,2021,G,1.8L 4B10,FWD,Automatic,SUV,JDM/TZ
Mitsubishi,RVR,2021,M,1.8L,FWD,Automatic,SUV,JDM/TZ
Mitsubishi,RVR,2022,G,1.8L 4B10,FWD,Automatic,SUV,JDM/TZ
Mitsubishi,RVR,2022,M,1.8L,FWD,Automatic,SUV,JDM/TZ
Suzuki,Escudo,2005,XG,2.4L J24B,FWD,Automatic,SUV,JDM/TZ
Suzuki,Escudo,2005,Salomon,2.0L,FWD,Automatic,SUV,JDM/TZ
Suzuki,Escudo,2006,XG,2.4L J24B,FWD,Automatic,SUV,JDM/TZ
Suzuki,Escudo,2006,Salomon,2.0L,FWD,Automatic,SUV,JDM/TZ
Suzuki,Escudo,2007,XG,2.4L J24B,FWD,Automatic,SUV,JDM/TZ
Suzuki,Escudo,2007,Salomon,2.0L,FWD,Automatic,SUV,JDM/TZ
Suzuki,Escudo,2008,XG,2.4L J24B,FWD,Automatic,SUV,JDM/TZ
Suzuki,Escudo,2008,Salomon,2.0L,FWD,Automatic,SUV,JDM/TZ
Suzuki,Escudo,2009,XG,2.4L J24B,FWD,Automatic,SUV,JDM/TZ
Suzuki,Escudo,2009,Salomon,2.0L,FWD,Automatic,SUV,JDM/TZ
Suzuki,Escudo,2010,XG,2.4L J24B,FWD,Automatic,SUV,JDM/TZ
Suzuki,Escudo,2010,Salomon,2.0L,FWD,Automatic,SUV,JDM/TZ
Suzuki,Escudo,2011,XG,2.4L J24B,FWD,Automatic,SUV,JDM/TZ
Suzuki,Escudo,2011,Salomon,2.0L,FWD,Automatic,SUV,JDM/TZ
Suzuki,Escudo,2012,XG,2.4L J24B,FWD,Automatic,SUV,JDM/TZ
Suzuki,Escudo,2012,Salomon,2.0L,FWD,Automatic,SUV,JDM/TZ
Suzuki,Escudo,2013,XG,2.4L J24B,FWD,Automatic,SUV,JDM/TZ
Suzuki,Escudo,2013,Salomon,2.0L,FWD,Automatic,SUV,JDM/TZ
Suzuki,Escudo,2014,XG,2.4L J24B,FWD,Automatic,SUV,JDM/TZ
Suzuki,Escudo,2014,Salomon,2.0L,FWD,Automatic,SUV,JDM/TZ
Suzuki,Escudo,2015,XG,2.4L J24B,FWD,Automatic,SUV,JDM/TZ
Suzuki,Escudo,2015,Salomon,2.0L,FWD,Automatic,SUV,JDM/TZ
Suzuki,Escudo,2016,XG,2.4L J24B,FWD,Automatic,SUV,JDM/TZ
Suzuki,Escudo,2016,Salomon,2.0L,FWD,Automatic,SUV,JDM/TZ
Suzuki,Escudo,2017,XG,2.4L J24B,FWD,Automatic,SUV,JDM/TZ
Suzuki,Escudo,2017,Salomon,2.0L,FWD,Automatic,SUV,JDM/TZ
Suzuki,Escudo,2018,XG,2.4L J24B,FWD,Automatic,SUV,JDM/TZ
Suzuki,Escudo,2018,Salomon,2.0L,FWD,Automatic,SUV,JDM/TZ
Suzuki,Escudo,2019,XG,2.4L J24B,FWD,Automatic,SUV,JDM/TZ
Suzuki,Escudo,2019,Salomon,2.0L,FWD,Automatic,SUV,JDM/TZ
Suzuki,Escudo,2020,XG,2.4L J24B,FWD,Automatic,SUV,JDM/TZ
Suzuki,Escudo,2020,Salomon,2.0L,FWD,Automatic,SUV,JDM/TZ
Suzuki,Escudo,2021,XG,2.4L J24B,FWD,Automatic,SUV,JDM/TZ
Suzuki,Escudo,2021,Salomon,2.0L,FWD,Automatic,SUV,JDM/TZ
Suzuki,Escudo,2022,XG,2.4L J24B,FWD,Automatic,SUV,JDM/TZ
Suzuki,Escudo,2022,Salomon,2.0L,FWD,Automatic,SUV,JDM/TZ
Suzuki,Swift,2005,XG,1.2L K12B,FWD,Automatic,Hatchback,JDM/TZ
Suzuki,Swift,2005,RS,1.2L,FWD,Automatic,Hatchback,JDM/TZ
Suzuki,Swift,2005,Sport,1.4L Turbo Boosterjet,FWD,Automatic,Hatchback,JDM/TZ
Suzuki,Swift,2006,XG,1.2L K12B,FWD,Automatic,Hatchback,JDM/TZ
Suzuki,Swift,2006,RS,1.2L,FWD,Automatic,Hatchback,JDM/TZ
Suzuki,Swift,2006,Sport,1.4L Turbo Boosterjet,FWD,Automatic,Hatchback,JDM/TZ
Suzuki,Swift,2007,XG,1.2L K12B,FWD,Automatic,Hatchback,JDM/TZ
Suzuki,Swift,2007,RS,1.2L,FWD,Automatic,Hatchback,JDM/TZ
Suzuki,Swift,2007,Sport,1.4L Turbo Boosterjet,FWD,Automatic,Hatchback,JDM/TZ
Suzuki,Swift,2008,XG,1.2L K12B,FWD,Automatic,Hatchback,JDM/TZ
Suzuki,Swift,2008,RS,1.2L,FWD,Automatic,Hatchback,JDM/TZ
Suzuki,Swift,2008,Sport,1.4L Turbo Boosterjet,FWD,Automatic,Hatchback,JDM/TZ
Suzuki,Swift,2009,XG,1.2L K12B,FWD,Automatic,Hatchback,JDM/TZ
Suzuki,Swift,2009,RS,1.2L,FWD,Automatic,Hatchback,JDM/TZ
Suzuki,Swift,2009,Sport,1.4L Turbo Boosterjet,FWD,Automatic,Hatchback,JDM/TZ
Suzuki,Swift,2010,XG,1.2L K12B,FWD,Automatic,Hatchback,JDM/TZ
Suzuki,Swift,2010,RS,1.2L,FWD,Automatic,Hatchback,JDM/TZ
Suzuki,Swift,2010,Sport,1.4L Turbo Boosterjet,FWD,Automatic,Hatchback,JDM/TZ
Suzuki,Swift,2011,XG,1.2L K12B,FWD,Automatic,Hatchback,JDM/TZ
Suzuki,Swift,2011,RS,1.2L,FWD,Automatic,Hatchback,JDM/TZ
Suzuki,Swift,2011,Sport,1.4L Turbo Boosterjet,FWD,Automatic,Hatchback,JDM/TZ
Suzuki,Swift,2012,XG,1.2L K12B,FWD,Automatic,Hatchback,JDM/TZ
Suzuki,Swift,2012,RS,1.2L,FWD,Automatic,Hatchback,JDM/TZ
Suzuki,Swift,2012,Sport,1.4L Turbo Boosterjet,FWD,Automatic,Hatchback,JDM/TZ
Suzuki,Swift,2013,XG,1.2L K12B,FWD,Automatic,Hatchback,JDM/TZ
Suzuki,Swift,2013,RS,1.2L,FWD,Automatic,Hatchback,JDM/TZ
Suzuki,Swift,2013,Sport,1.4L Turbo Boosterjet,FWD,Automatic,Hatchback,JDM/TZ
Suzuki,Swift,2014,XG,1.2L K12B,FWD,Automatic,Hatchback,JDM/TZ
Suzuki,Swift,2014,RS,1.2L,FWD,Automatic,Hatchback,JDM/TZ
Suzuki,Swift,2014,Sport,1.4L Turbo Boosterjet,FWD,Automatic,Hatchback,JDM/TZ
Suzuki,Swift,2015,XG,1.2L K12B,FWD,Automatic,Hatchback,JDM/TZ
Suzuki,Swift,2015,RS,1.2L,FWD,Automatic,Hatchback,JDM/TZ
Suzuki,Swift,2015,Sport,1.4L Turbo Boosterjet,FWD,Automatic,Hatchback,JDM/TZ
Suzuki,Swift,2016,XG,1.2L K12B,FWD,Automatic,Hatchback,JDM/TZ
Suzuki,Swift,2016,RS,1.2L,FWD,Automatic,Hatchback,JDM/TZ
Suzuki,Swift,2016,Sport,1.4L Turbo Boosterjet,FWD,Automatic,Hatchback,JDM/TZ
Suzuki,Swift,2017,XG,1.2L K12B,FWD,Automatic,Hatchback,JDM/TZ
Suzuki,Swift,2017,RS,1.2L,FWD,Automatic,Hatchback,JDM/TZ
Suzuki,Swift,2017,Sport,1.4L Turbo Boosterjet,FWD,Automatic,Hatchback,JDM/TZ
Suzuki,Swift,2018,XG,1.2L K12B,FWD,Automatic,Hatchback,JDM/TZ
Suzuki,Swift,2018,RS,1.2L,FWD,Automatic,Hatchback,JDM/TZ
Suzuki,Swift,2018,Sport,1.4L Turbo Boosterjet,FWD,Automatic,Hatchback,JDM/TZ
Suzuki,Swift,2019,XG,1.2L K12B,FWD,Automatic,Hatchback,JDM/TZ
Suzuki,Swift,2019,RS,1.2L,FWD,Automatic,Hatchback,JDM/TZ
Suzuki,Swift,2019,Sport,1.4L Turbo Boosterjet,FWD,Automatic,Hatchback,JDM/TZ
Suzuki,Swift,2020,XG,1.2L K12B,FWD,Automatic,Hatchback,JDM/TZ
Suzuki,Swift,2020,RS,1.2L,FWD,Automatic,Hatchback,JDM/TZ
Suzuki,Swift,2020,Sport,1.4L Turbo Boosterjet,FWD,Automatic,Hatchback,JDM/TZ
Suzuki,Swift,2021,XG,1.2L K12B,FWD,Automatic,Hatchback,JDM/TZ
Suzuki,Swift,2021,RS,1.2L,FWD,Automatic,Hatchback,JDM/TZ
Suzuki,Swift,2021,Sport,1.4L Turbo Boosterjet,FWD,Automatic,Hatchback,JDM/TZ
Suzuki,Swift,2022,XG,1.2L K12B,FWD,Automatic,Hatchback,JDM/TZ
Suzuki,Swift,2022,RS,1.2L,FWD,Automatic,Hatchback,JDM/TZ
Suzuki,Swift,2022,Sport,1.4L Turbo Boosterjet,FWD,Automatic,Hatchback,JDM/TZ
Suzuki,Swift,2023,XG,1.2L K12B,FWD,Automatic,Hatchback,JDM/TZ
Suzuki,Swift,2023,RS,1.2L,FWD,Automatic,Hatchback,JDM/TZ
Suzuki,Swift,2023,Sport,1.4L Turbo Boosterjet,FWD,Automatic,Hatchback,JDM/TZ
Suzuki,Jimny,2005,XC,0.66L Turbo,4WD,Automatic,SUV,JDM/TZ
Suzuki,Jimny,2005,Sierra JC,1.5L K15B,4WD,Automatic,SUV,JDM/TZ
Suzuki,Jimny,2006,XC,0.66L Turbo,4WD,Automatic,SUV,JDM/TZ
Suzuki,Jimny,2006,Sierra JC,1.5L K15B,4WD,Automatic,SUV,JDM/TZ
Suzuki,Jimny,2007,XC,0.66L Turbo,4WD,Automatic,SUV,JDM/TZ
Suzuki,Jimny,2007,Sierra JC,1.5L K15B,4WD,Automatic,SUV,JDM/TZ
Suzuki,Jimny,2008,XC,0.66L Turbo,4WD,Automatic,SUV,JDM/TZ
Suzuki,Jimny,2008,Sierra JC,1.5L K15B,4WD,Automatic,SUV,JDM/TZ
Suzuki,Jimny,2009,XC,0.66L Turbo,4WD,Automatic,SUV,JDM/TZ
Suzuki,Jimny,2009,Sierra JC,1.5L K15B,4WD,Automatic,SUV,JDM/TZ
Suzuki,Jimny,2010,XC,0.66L Turbo,4WD,Automatic,SUV,JDM/TZ
Suzuki,Jimny,2010,Sierra JC,1.5L K15B,4WD,Automatic,SUV,JDM/TZ
Suzuki,Jimny,2011,XC,0.66L Turbo,4WD,Automatic,SUV,JDM/TZ
Suzuki,Jimny,2011,Sierra JC,1.5L K15B,4WD,Automatic,SUV,JDM/TZ
Suzuki,Jimny,2012,XC,0.66L Turbo,4WD,Automatic,SUV,JDM/TZ
Suzuki,Jimny,2012,Sierra JC,1.5L K15B,4WD,Automatic,SUV,JDM/TZ
Suzuki,Jimny,2013,XC,0.66L Turbo,4WD,Automatic,SUV,JDM/TZ
Suzuki,Jimny,2013,Sierra JC,1.5L K15B,4WD,Automatic,SUV,JDM/TZ
Suzuki,Jimny,2014,XC,0.66L Turbo,4WD,Automatic,SUV,JDM/TZ
Suzuki,Jimny,2014,Sierra JC,1.5L K15B,4WD,Automatic,SUV,JDM/TZ
Suzuki,Jimny,2015,XC,0.66L Turbo,4WD,Automatic,SUV,JDM/TZ
Suzuki,Jimny,2015,Sierra JC,1.5L K15B,4WD,Automatic,SUV,JDM/TZ
Suzuki,Jimny,2016,XC,0.66L Turbo,4WD,Automatic,SUV,JDM/TZ
Suzuki,Jimny,2016,Sierra JC,1.5L K15B,4WD,Automatic,SUV,JDM/TZ
Suzuki,Jimny,2017,XC,0.66L Turbo,4WD,Automatic,SUV,JDM/TZ
Suzuki,Jimny,2017,Sierra JC,1.5L K15B,4WD,Automatic,SUV,JDM/TZ
Suzuki,Jimny,2018,XC,0.66L Turbo,4WD,Automatic,SUV,JDM/TZ
Suzuki,Jimny,2018,Sierra JC,1.5L K15B,4WD,Automatic,SUV,JDM/TZ
Suzuki,Jimny,2019,XC,0.66L Turbo,4WD,Automatic,SUV,JDM/TZ
Suzuki,Jimny,2019,Sierra JC,1.5L K15B,4WD,Automatic,SUV,JDM/TZ
Suzuki,Jimny,2020,XC,0.66L Turbo,4WD,Automatic,SUV,JDM/TZ
Suzuki,Jimny,2020,Sierra JC,1.5L K15B,4WD,Automatic,SUV,JDM/TZ
Suzuki,Jimny,2021,XC,0.66L Turbo,4WD,Automatic,SUV,JDM/TZ
Suzuki,Jimny,2021,Sierra JC,1.5L K15B,4WD,Automatic,SUV,JDM/TZ
Suzuki,Jimny,2022,XC,0.66L Turbo,4WD,Automatic,SUV,JDM/TZ
Suzuki,Jimny,2022,Sierra JC,1.5L K15B,4WD,Automatic,SUV,JDM/TZ
Suzuki,Jimny,2023,XC,0.66L Turbo,4WD,Automatic,SUV,JDM/TZ
Suzuki,Jimny,2023,Sierra JC,1.5L K15B,4WD,Automatic,SUV,JDM/TZ
Suzuki,Carry,2005,KC,0.66L R06A,RWD,Automatic,Truck,JDM/TZ
Suzuki,Carry,2005,KX,0.66L,RWD,Automatic,Truck,JDM/TZ
Suzuki,Carry,2006,KC,0.66L R06A,RWD,Automatic,Truck,JDM/TZ
Suzuki,Carry,2006,KX,0.66L,RWD,Automatic,Truck,JDM/TZ
Suzuki,Carry,2007,KC,0.66L R06A,RWD,Automatic,Truck,JDM/TZ
Suzuki,Carry,2007,KX,0.66L,RWD,Automatic,Truck,JDM/TZ
Suzuki,Carry,2008,KC,0.66L R06A,RWD,Automatic,Truck,JDM/TZ
Suzuki,Carry,2008,KX,0.66L,RWD,Automatic,Truck,JDM/TZ
Suzuki,Carry,2009,KC,0.66L R06A,RWD,Automatic,Truck,JDM/TZ
Suzuki,Carry,2009,KX,0.66L,RWD,Automatic,Truck,JDM/TZ
Suzuki,Carry,2010,KC,0.66L R06A,RWD,Automatic,Truck,JDM/TZ
Suzuki,Carry,2010,KX,0.66L,RWD,Automatic,Truck,JDM/TZ
Suzuki,Carry,2011,KC,0.66L R06A,RWD,Automatic,Truck,JDM/TZ
Suzuki,Carry,2011,KX,0.66L,RWD,Automatic,Truck,JDM/TZ
Suzuki,Carry,2012,KC,0.66L R06A,RWD,Automatic,Truck,JDM/TZ
Suzuki,Carry,2012,KX,0.66L,RWD,Automatic,Truck,JDM/TZ
Suzuki,Carry,2013,KC,0.66L R06A,RWD,Automatic,Truck,JDM/TZ
Suzuki,Carry,2013,KX,0.66L,RWD,Automatic,Truck,JDM/TZ
Suzuki,Carry,2014,KC,0.66L R06A,RWD,Automatic,Truck,JDM/TZ
Suzuki,Carry,2014,KX,0.66L,RWD,Automatic,Truck,JDM/TZ
Suzuki,Carry,2015,KC,0.66L R06A,RWD,Automatic,Truck,JDM/TZ
Suzuki,Carry,2015,KX,0.66L,RWD,Automatic,Truck,JDM/TZ
Suzuki,Carry,2016,KC,0.66L R06A,RWD,Automatic,Truck,JDM/TZ
Suzuki,Carry,2016,KX,0.66L,RWD,Automatic,Truck,JDM/TZ
Suzuki,Carry,2017,KC,0.66L R06A,RWD,Automatic,Truck,JDM/TZ
Suzuki,Carry,2017,KX,0.66L,RWD,Automatic,Truck,JDM/TZ
Suzuki,Carry,2018,KC,0.66L R06A,RWD,Automatic,Truck,JDM/TZ
Suzuki,Carry,2018,KX,0.66L,RWD,Automatic,Truck,JDM/TZ
Suzuki,Carry,2019,KC,0.66L R06A,RWD,Automatic,Truck,JDM/TZ
Suzuki,Carry,2019,KX,0.66L,RWD,Automatic,Truck,JDM/TZ
Suzuki,Carry,2020,KC,0.66L R06A,RWD,Automatic,Truck,JDM/TZ
Suzuki,Carry,2020,KX,0.66L,RWD,Automatic,Truck,JDM/TZ
Suzuki,Carry,2021,KC,0.66L R06A,RWD,Automatic,Truck,JDM/TZ
Suzuki,Carry,2021,KX,0.66L,RWD,Automatic,Truck,JDM/TZ
Suzuki,Carry,2022,KC,0.66L R06A,RWD,Automatic,Truck,JDM/TZ
Suzuki,Carry,2022,KX,0.66L,RWD,Automatic,Truck,JDM/TZ
Suzuki,Carry,2023,KC,0.66L R06A,RWD,Automatic,Truck,JDM/TZ
Suzuki,Carry,2023,KX,0.66L,RWD,Automatic,Truck,JDM/TZ
Mazda,Demio,2005,13C,1.3L ZJ-VE,FWD,Automatic,Hatchback,JDM/TZ
Mazda,Demio,2005,15S,1.5L Skyactiv-G,FWD,Automatic,Hatchback,JDM/TZ
Mazda,Demio,2005,XD,1.5L Skyactiv-D Diesel,FWD,Automatic,Hatchback,JDM/TZ
Mazda,Demio,2006,13C,1.3L ZJ-VE,FWD,Automatic,Hatchback,JDM/TZ
Mazda,Demio,2006,15S,1.5L Skyactiv-G,FWD,Automatic,Hatchback,JDM/TZ
Mazda,Demio,2006,XD,1.5L Skyactiv-D Diesel,FWD,Automatic,Hatchback,JDM/TZ
Mazda,Demio,2007,13C,1.3L ZJ-VE,FWD,Automatic,Hatchback,JDM/TZ
Mazda,Demio,2007,15S,1.5L Skyactiv-G,FWD,Automatic,Hatchback,JDM/TZ
Mazda,Demio,2007,XD,1.5L Skyactiv-D Diesel,FWD,Automatic,Hatchback,JDM/TZ
Mazda,Demio,2008,13C,1.3L ZJ-VE,FWD,Automatic,Hatchback,JDM/TZ
Mazda,Demio,2008,15S,1.5L Skyactiv-G,FWD,Automatic,Hatchback,JDM/TZ
Mazda,Demio,2008,XD,1.5L Skyactiv-D Diesel,FWD,Automatic,Hatchback,JDM/TZ
Mazda,Demio,2009,13C,1.3L ZJ-VE,FWD,Automatic,Hatchback,JDM/TZ
Mazda,Demio,2009,15S,1.5L Skyactiv-G,FWD,Automatic,Hatchback,JDM/TZ
Mazda,Demio,2009,XD,1.5L Skyactiv-D Diesel,FWD,Automatic,Hatchback,JDM/TZ
Mazda,Demio,2010,13C,1.3L ZJ-VE,FWD,Automatic,Hatchback,JDM/TZ
Mazda,Demio,2010,15S,1.5L Skyactiv-G,FWD,Automatic,Hatchback,JDM/TZ
Mazda,Demio,2010,XD,1.5L Skyactiv-D Diesel,FWD,Automatic,Hatchback,JDM/TZ
Mazda,Demio,2011,13C,1.3L ZJ-VE,FWD,Automatic,Hatchback,JDM/TZ
Mazda,Demio,2011,15S,1.5L Skyactiv-G,FWD,Automatic,Hatchback,JDM/TZ
Mazda,Demio,2011,XD,1.5L Skyactiv-D Diesel,FWD,Automatic,Hatchback,JDM/TZ
Mazda,Demio,2012,13C,1.3L ZJ-VE,FWD,Automatic,Hatchback,JDM/TZ
Mazda,Demio,2012,15S,1.5L Skyactiv-G,FWD,Automatic,Hatchback,JDM/TZ
Mazda,Demio,2012,XD,1.5L Skyactiv-D Diesel,FWD,Automatic,Hatchback,JDM/TZ
Mazda,Demio,2013,13C,1.3L ZJ-VE,FWD,Automatic,Hatchback,JDM/TZ
Mazda,Demio,2013,15S,1.5L Skyactiv-G,FWD,Automatic,Hatchback,JDM/TZ
Mazda,Demio,2013,XD,1.5L Skyactiv-D Diesel,FWD,Automatic,Hatchback,JDM/TZ
Mazda,Demio,2014,13C,1.3L ZJ-VE,FWD,Automatic,Hatchback,JDM/TZ
Mazda,Demio,2014,15S,1.5L Skyactiv-G,FWD,Automatic,Hatchback,JDM/TZ
Mazda,Demio,2014,XD,1.5L Skyactiv-D Diesel,FWD,Automatic,Hatchback,JDM/TZ
Mazda,Demio,2015,13C,1.3L ZJ-VE,FWD,Automatic,Hatchback,JDM/TZ
Mazda,Demio,2015,15S,1.5L Skyactiv-G,FWD,Automatic,Hatchback,JDM/TZ
Mazda,Demio,2015,XD,1.5L Skyactiv-D Diesel,FWD,Automatic,Hatchback,JDM/TZ
Mazda,Demio,2016,13C,1.3L ZJ-VE,FWD,Automatic,Hatchback,JDM/TZ
Mazda,Demio,2016,15S,1.5L Skyactiv-G,FWD,Automatic,Hatchback,JDM/TZ
Mazda,Demio,2016,XD,1.5L Skyactiv-D Diesel,FWD,Automatic,Hatchback,JDM/TZ
Mazda,Demio,2017,13C,1.3L ZJ-VE,FWD,Automatic,Hatchback,JDM/TZ
Mazda,Demio,2017,15S,1.5L Skyactiv-G,FWD,Automatic,Hatchback,JDM/TZ
Mazda,Demio,2017,XD,1.5L Skyactiv-D Diesel,FWD,Automatic,Hatchback,JDM/TZ
Mazda,Demio,2018,13C,1.3L ZJ-VE,FWD,Automatic,Hatchback,JDM/TZ
Mazda,Demio,2018,15S,1.5L Skyactiv-G,FWD,Automatic,Hatchback,JDM/TZ
Mazda,Demio,2018,XD,1.5L Skyactiv-D Diesel,FWD,Automatic,Hatchback,JDM/TZ
Mazda,Demio,2019,13C,1.3L ZJ-VE,FWD,Automatic,Hatchback,JDM/TZ
Mazda,Demio,2019,15S,1.5L Skyactiv-G,FWD,Automatic,Hatchback,JDM/TZ
Mazda,Demio,2019,XD,1.5L Skyactiv-D Diesel,FWD,Automatic,Hatchback,JDM/TZ
Mazda,Demio,2020,13C,1.3L ZJ-VE,FWD,Automatic,Hatchback,JDM/TZ
Mazda,Demio,2020,15S,1.5L Skyactiv-G,FWD,Automatic,Hatchback,JDM/TZ
Mazda,Demio,2020,XD,1.5L Skyactiv-D Diesel,FWD,Automatic,Hatchback,JDM/TZ
Mazda,Demio,2021,13C,1.3L ZJ-VE,FWD,Automatic,Hatchback,JDM/TZ
Mazda,Demio,2021,15S,1.5L Skyactiv-G,FWD,Automatic,Hatchback,JDM/TZ
Mazda,Demio,2021,XD,1.5L Skyactiv-D Diesel,FWD,Automatic,Hatchback,JDM/TZ
Mazda,Demio,2022,13C,1.3L ZJ-VE,FWD,Automatic,Hatchback,JDM/TZ
Mazda,Demio,2022,15S,1.5L Skyactiv-G,FWD,Automatic,Hatchback,JDM/TZ
Mazda,Demio,2022,XD,1.5L Skyactiv-D Diesel,FWD,Automatic,Hatchback,JDM/TZ
Mazda,CX-5,2012,20S,2.0L Skyactiv-G,FWD,Automatic,SUV,JDM/TZ
Mazda,CX-5,2012,XD L Package,2.2L Skyactiv-D Diesel,FWD,Automatic,SUV,JDM/TZ
Mazda,CX-5,2012,25S,2.5L Skyactiv-G,FWD,Automatic,SUV,JDM/TZ
Mazda,CX-5,2013,20S,2.0L Skyactiv-G,FWD,Automatic,SUV,JDM/TZ
Mazda,CX-5,2013,XD L Package,2.2L Skyactiv-D Diesel,FWD,Automatic,SUV,JDM/TZ
Mazda,CX-5,2013,25S,2.5L Skyactiv-G,FWD,Automatic,SUV,JDM/TZ
Mazda,CX-5,2014,20S,2.0L Skyactiv-G,FWD,Automatic,SUV,JDM/TZ
Mazda,CX-5,2014,XD L Package,2.2L Skyactiv-D Diesel,FWD,Automatic,SUV,JDM/TZ
Mazda,CX-5,2014,25S,2.5L Skyactiv-G,FWD,Automatic,SUV,JDM/TZ
Mazda,CX-5,2015,20S,2.0L Skyactiv-G,FWD,Automatic,SUV,JDM/TZ
Mazda,CX-5,2015,XD L Package,2.2L Skyactiv-D Diesel,FWD,Automatic,SUV,JDM/TZ
Mazda,CX-5,2015,25S,2.5L Skyactiv-G,FWD,Automatic,SUV,JDM/TZ
Mazda,CX-5,2016,20S,2.0L Skyactiv-G,FWD,Automatic,SUV,JDM/TZ
Mazda,CX-5,2016,XD L Package,2.2L Skyactiv-D Diesel,FWD,Automatic,SUV,JDM/TZ
Mazda,CX-5,2016,25S,2.5L Skyactiv-G,FWD,Automatic,SUV,JDM/TZ
Mazda,CX-5,2017,20S,2.0L Skyactiv-G,FWD,Automatic,SUV,JDM/TZ
Mazda,CX-5,2017,XD L Package,2.2L Skyactiv-D Diesel,FWD,Automatic,SUV,JDM/TZ
Mazda,CX-5,2017,25S,2.5L Skyactiv-G,FWD,Automatic,SUV,JDM/TZ
Mazda,CX-5,2018,20S,2.0L Skyactiv-G,FWD,Automatic,SUV,JDM/TZ
Mazda,CX-5,2018,XD L Package,2.2L Skyactiv-D Diesel,FWD,Automatic,SUV,JDM/TZ
Mazda,CX-5,2018,25S,2.5L Skyactiv-G,FWD,Automatic,SUV,JDM/TZ
Mazda,CX-5,2019,20S,2.0L Skyactiv-G,FWD,Automatic,SUV,JDM/TZ
Mazda,CX-5,2019,XD L Package,2.2L Skyactiv-D Diesel,FWD,Automatic,SUV,JDM/TZ
Mazda,CX-5,2019,25S,2.5L Skyactiv-G,FWD,Automatic,SUV,JDM/TZ
Mazda,CX-5,2020,20S,2.0L Skyactiv-G,FWD,Automatic,SUV,JDM/TZ
Mazda,CX-5,2020,XD L Package,2.2L Skyactiv-D Diesel,FWD,Automatic,SUV,JDM/TZ
Mazda,CX-5,2020,25S,2.5L Skyactiv-G,FWD,Automatic,SUV,JDM/TZ
Mazda,CX-5,2021,20S,2.0L Skyactiv-G,FWD,Automatic,SUV,JDM/TZ
Mazda,CX-5,2021,XD L Package,2.2L Skyactiv-D Diesel,FWD,Automatic,SUV,JDM/TZ
Mazda,CX-5,2021,25S,2.5L Skyactiv-G,FWD,Automatic,SUV,JDM/TZ
Mazda,CX-5,2022,20S,2.0L Skyactiv-G,FWD,Automatic,SUV,JDM/TZ
Mazda,CX-5,2022,XD L Package,2.2L Skyactiv-D Diesel,FWD,Automatic,SUV,JDM/TZ
Mazda,CX-5,2022,25S,2.5L Skyactiv-G,FWD,Automatic,SUV,JDM/TZ
Mazda,CX-5,2023,20S,2.0L Skyactiv-G,FWD,Automatic,SUV,JDM/TZ
Mazda,CX-5,2023,XD L Package,2.2L Skyactiv-D Diesel,FWD,Automatic,SUV,JDM/TZ
Mazda,CX-5,2023,25S,2.5L Skyactiv-G,FWD,Automatic,SUV,JDM/TZ
Mazda,Axela,2005,15S,1.5L Skyactiv-G,FWD,Automatic,Sedan,JDM/TZ
Mazda,Axela,2005,20S,2.0L,FWD,Automatic,Sedan,JDM/TZ
Mazda,Axela,2005,XD,2.2L Diesel,FWD,Automatic,Sedan,JDM/TZ
Mazda,Axela,2006,15S,1.5L Skyactiv-G,FWD,Automatic,Sedan,JDM/TZ
Mazda,Axela,2006,20S,2.0L,FWD,Automatic,Sedan,JDM/TZ
Mazda,Axela,2006,XD,2.2L Diesel,FWD,Automatic,Sedan,JDM/TZ
Mazda,Axela,2007,15S,1.5L Skyactiv-G,FWD,Automatic,Sedan,JDM/TZ
Mazda,Axela,2007,20S,2.0L,FWD,Automatic,Sedan,JDM/TZ
Mazda,Axela,2007,XD,2.2L Diesel,FWD,Automatic,Sedan,JDM/TZ
Mazda,Axela,2008,15S,1.5L Skyactiv-G,FWD,Automatic,Sedan,JDM/TZ
Mazda,Axela,2008,20S,2.0L,FWD,Automatic,Sedan,JDM/TZ
Mazda,Axela,2008,XD,2.2L Diesel,FWD,Automatic,Sedan,JDM/TZ
Mazda,Axela,2009,15S,1.5L Skyactiv-G,FWD,Automatic,Sedan,JDM/TZ
Mazda,Axela,2009,20S,2.0L,FWD,Automatic,Sedan,JDM/TZ
Mazda,Axela,2009,XD,2.2L Diesel,FWD,Automatic,Sedan,JDM/TZ
Mazda,Axela,2010,15S,1.5L Skyactiv-G,FWD,Automatic,Sedan,JDM/TZ
Mazda,Axela,2010,20S,2.0L,FWD,Automatic,Sedan,JDM/TZ
Mazda,Axela,2010,XD,2.2L Diesel,FWD,Automatic,Sedan,JDM/TZ
Mazda,Axela,2011,15S,1.5L Skyactiv-G,FWD,Automatic,Sedan,JDM/TZ
Mazda,Axela,2011,20S,2.0L,FWD,Automatic,Sedan,JDM/TZ
Mazda,Axela,2011,XD,2.2L Diesel,FWD,Automatic,Sedan,JDM/TZ
Mazda,Axela,2012,15S,1.5L Skyactiv-G,FWD,Automatic,Sedan,JDM/TZ
Mazda,Axela,2012,20S,2.0L,FWD,Automatic,Sedan,JDM/TZ
Mazda,Axela,2012,XD,2.2L Diesel,FWD,Automatic,Sedan,JDM/TZ
Mazda,Axela,2013,15S,1.5L Skyactiv-G,FWD,Automatic,Sedan,JDM/TZ
Mazda,Axela,2013,20S,2.0L,FWD,Automatic,Sedan,JDM/TZ
Mazda,Axela,2013,XD,2.2L Diesel,FWD,Automatic,Sedan,JDM/TZ
Mazda,Axela,2014,15S,1.5L Skyactiv-G,FWD,Automatic,Sedan,JDM/TZ
Mazda,Axela,2014,20S,2.0L,FWD,Automatic,Sedan,JDM/TZ
Mazda,Axela,2014,XD,2.2L Diesel,FWD,Automatic,Sedan,JDM/TZ
Mazda,Axela,2015,15S,1.5L Skyactiv-G,FWD,Automatic,Sedan,JDM/TZ
Mazda,Axela,2015,20S,2.0L,FWD,Automatic,Sedan,JDM/TZ
Mazda,Axela,2015,XD,2.2L Diesel,FWD,Automatic,Sedan,JDM/TZ
Mazda,Axela,2016,15S,1.5L Skyactiv-G,FWD,Automatic,Sedan,JDM/TZ
Mazda,Axela,2016,20S,2.0L,FWD,Automatic,Sedan,JDM/TZ
Mazda,Axela,2016,XD,2.2L Diesel,FWD,Automatic,Sedan,JDM/TZ
Mazda,Axela,2017,15S,1.5L Skyactiv-G,FWD,Automatic,Sedan,JDM/TZ
Mazda,Axela,2017,20S,2.0L,FWD,Automatic,Sedan,JDM/TZ
Mazda,Axela,2017,XD,2.2L Diesel,FWD,Automatic,Sedan,JDM/TZ
Mazda,Axela,2018,15S,1.5L Skyactiv-G,FWD,Automatic,Sedan,JDM/TZ
Mazda,Axela,2018,20S,2.0L,FWD,Automatic,Sedan,JDM/TZ
Mazda,Axela,2018,XD,2.2L Diesel,FWD,Automatic,Sedan,JDM/TZ
Mazda,Axela,2019,15S,1.5L Skyactiv-G,FWD,Automatic,Sedan,JDM/TZ
Mazda,Axela,2019,20S,2.0L,FWD,Automatic,Sedan,JDM/TZ
Mazda,Axela,2019,XD,2.2L Diesel,FWD,Automatic,Sedan,JDM/TZ
Mazda,Axela,2020,15S,1.5L Skyactiv-G,FWD,Automatic,Sedan,JDM/TZ
Mazda,Axela,2020,20S,2.0L,FWD,Automatic,Sedan,JDM/TZ
Mazda,Axela,2020,XD,2.2L Diesel,FWD,Automatic,Sedan,JDM/TZ
Mazda,Axela,2021,15S,1.5L Skyactiv-G,FWD,Automatic,Sedan,JDM/TZ
Mazda,Axela,2021,20S,2.0L,FWD,Automatic,Sedan,JDM/TZ
Mazda,Axela,2021,XD,2.2L Diesel,FWD,Automatic,Sedan,JDM/TZ
Mazda,Axela,2022,15S,1.5L Skyactiv-G,FWD,Automatic,Sedan,JDM/TZ
Mazda,Axela,2022,20S,2.0L,FWD,Automatic,Sedan,JDM/TZ
Mazda,Axela,2022,XD,2.2L Diesel,FWD,Automatic,Sedan,JDM/TZ
Mazda,Atenza,2005,25S,2.5L Skyactiv-G,FWD,Automatic,Sedan,JDM/TZ
Mazda,Atenza,2005,XD,2.2L Skyactiv-D Diesel,FWD,Automatic,Sedan,JDM/TZ
Mazda,Atenza,2006,25S,2.5L Skyactiv-G,FWD,Automatic,Sedan,JDM/TZ
Mazda,Atenza,2006,XD,2.2L Skyactiv-D Diesel,FWD,Automatic,Sedan,JDM/TZ
Mazda,Atenza,2007,25S,2.5L Skyactiv-G,FWD,Automatic,Sedan,JDM/TZ
Mazda,Atenza,2007,XD,2.2L Skyactiv-D Diesel,FWD,Automatic,Sedan,JDM/TZ
Mazda,Atenza,2008,25S,2.5L Skyactiv-G,FWD,Automatic,Sedan,JDM/TZ
Mazda,Atenza,2008,XD,2.2L Skyactiv-D Diesel,FWD,Automatic,Sedan,JDM/TZ
Mazda,Atenza,2009,25S,2.5L Skyactiv-G,FWD,Automatic,Sedan,JDM/TZ
Mazda,Atenza,2009,XD,2.2L Skyactiv-D Diesel,FWD,Automatic,Sedan,JDM/TZ
Mazda,Atenza,2010,25S,2.5L Skyactiv-G,FWD,Automatic,Sedan,JDM/TZ
Mazda,Atenza,2010,XD,2.2L Skyactiv-D Diesel,FWD,Automatic,Sedan,JDM/TZ
Mazda,Atenza,2011,25S,2.5L Skyactiv-G,FWD,Automatic,Sedan,JDM/TZ
Mazda,Atenza,2011,XD,2.2L Skyactiv-D Diesel,FWD,Automatic,Sedan,JDM/TZ
Mazda,Atenza,2012,25S,2.5L Skyactiv-G,FWD,Automatic,Sedan,JDM/TZ
Mazda,Atenza,2012,XD,2.2L Skyactiv-D Diesel,FWD,Automatic,Sedan,JDM/TZ
Mazda,Atenza,2013,25S,2.5L Skyactiv-G,FWD,Automatic,Sedan,JDM/TZ
Mazda,Atenza,2013,XD,2.2L Skyactiv-D Diesel,FWD,Automatic,Sedan,JDM/TZ
Mazda,Atenza,2014,25S,2.5L Skyactiv-G,FWD,Automatic,Sedan,JDM/TZ
Mazda,Atenza,2014,XD,2.2L Skyactiv-D Diesel,FWD,Automatic,Sedan,JDM/TZ
Mazda,Atenza,2015,25S,2.5L Skyactiv-G,FWD,Automatic,Sedan,JDM/TZ
Mazda,Atenza,2015,XD,2.2L Skyactiv-D Diesel,FWD,Automatic,Sedan,JDM/TZ
Mazda,Atenza,2016,25S,2.5L Skyactiv-G,FWD,Automatic,Sedan,JDM/TZ
Mazda,Atenza,2016,XD,2.2L Skyactiv-D Diesel,FWD,Automatic,Sedan,JDM/TZ
Mazda,Atenza,2017,25S,2.5L Skyactiv-G,FWD,Automatic,Sedan,JDM/TZ
Mazda,Atenza,2017,XD,2.2L Skyactiv-D Diesel,FWD,Automatic,Sedan,JDM/TZ
Mazda,Atenza,2018,25S,2.5L Skyactiv-G,FWD,Automatic,Sedan,JDM/TZ
Mazda,Atenza,2018,XD,2.2L Skyactiv-D Diesel,FWD,Automatic,Sedan,JDM/TZ
Mazda,Atenza,2019,25S,2.5L Skyactiv-G,FWD,Automatic,Sedan,JDM/TZ
Mazda,Atenza,2019,XD,2.2L Skyactiv-D Diesel,FWD,Automatic,Sedan,JDM/TZ
Mazda,Atenza,2020,25S,2.5L Skyactiv-G,FWD,Automatic,Sedan,JDM/TZ
Mazda,Atenza,2020,XD,2.2L Skyactiv-D Diesel,FWD,Automatic,Sedan,JDM/TZ
Mazda,Atenza,2021,25S,2.5L Skyactiv-G,FWD,Automatic,Sedan,JDM/TZ
Mazda,Atenza,2021,XD,2.2L Skyactiv-D Diesel,FWD,Automatic,Sedan,JDM/TZ
Mazda,Atenza,2022,25S,2.5L Skyactiv-G,FWD,Automatic,Sedan,JDM/TZ
Mazda,Atenza,2022,XD,2.2L Skyactiv-D Diesel,FWD,Automatic,Sedan,JDM/TZ
Mazda,Premacy,2005,20S,2.0L LF-VD,FWD,Automatic,Sedan,JDM/TZ
Mazda,Premacy,2005,20Z,2.0L,FWD,Automatic,Sedan,JDM/TZ
Mazda,Premacy,2006,20S,2.0L LF-VD,FWD,Automatic,Sedan,JDM/TZ
Mazda,Premacy,2006,20Z,2.0L,FWD,Automatic,Sedan,JDM/TZ
Mazda,Premacy,2007,20S,2.0L LF-VD,FWD,Automatic,Sedan,JDM/TZ
Mazda,Premacy,2007,20Z,2.0L,FWD,Automatic,Sedan,JDM/TZ
Mazda,Premacy,2008,20S,2.0L LF-VD,FWD,Automatic,Sedan,JDM/TZ
Mazda,Premacy,2008,20Z,2.0L,FWD,Automatic,Sedan,JDM/TZ
Mazda,Premacy,2009,20S,2.0L LF-VD,FWD,Automatic,Sedan,JDM/TZ
Mazda,Premacy,2009,20Z,2.0L,FWD,Automatic,Sedan,JDM/TZ
Mazda,Premacy,2010,20S,2.0L LF-VD,FWD,Automatic,Sedan,JDM/TZ
Mazda,Premacy,2010,20Z,2.0L,FWD,Automatic,Sedan,JDM/TZ
Mazda,Premacy,2011,20S,2.0L LF-VD,FWD,Automatic,Sedan,JDM/TZ
Mazda,Premacy,2011,20Z,2.0L,FWD,Automatic,Sedan,JDM/TZ
Mazda,Premacy,2012,20S,2.0L LF-VD,FWD,Automatic,Sedan,JDM/TZ
Mazda,Premacy,2012,20Z,2.0L,FWD,Automatic,Sedan,JDM/TZ
Mazda,Premacy,2013,20S,2.0L LF-VD,FWD,Automatic,Sedan,JDM/TZ
Mazda,Premacy,2013,20Z,2.0L,FWD,Automatic,Sedan,JDM/TZ
Mazda,Premacy,2014,20S,2.0L LF-VD,FWD,Automatic,Sedan,JDM/TZ
Mazda,Premacy,2014,20Z,2.0L,FWD,Automatic,Sedan,JDM/TZ
Mazda,Premacy,2015,20S,2.0L LF-VD,FWD,Automatic,Sedan,JDM/TZ
Mazda,Premacy,2015,20Z,2.0L,FWD,Automatic,Sedan,JDM/TZ
Mazda,Premacy,2016,20S,2.0L LF-VD,FWD,Automatic,Sedan,JDM/TZ
Mazda,Premacy,2016,20Z,2.0L,FWD,Automatic,Sedan,JDM/TZ
Mazda,Premacy,2017,20S,2.0L LF-VD,FWD,Automatic,Sedan,JDM/TZ
Mazda,Premacy,2017,20Z,2.0L,FWD,Automatic,Sedan,JDM/TZ
Mazda,Premacy,2018,20S,2.0L LF-VD,FWD,Automatic,Sedan,JDM/TZ
Mazda,Premacy,2018,20Z,2.0L,FWD,Automatic,Sedan,JDM/TZ
Land Rover,Range Rover,2005,HSE,3.0L V6 Supercharged,FWD,Automatic,SUV,JDM/TZ
Land Rover,Range Rover,2005,Autobiography,5.0L V8 Supercharged,FWD,Automatic,SUV,JDM/TZ
Land Rover,Range Rover,2005,Vogue,4.4L SDV8 Diesel,FWD,Automatic,SUV,JDM/TZ
Land Rover,Range Rover,2006,HSE,3.0L V6 Supercharged,FWD,Automatic,SUV,JDM/TZ
Land Rover,Range Rover,2006,Autobiography,5.0L V8 Supercharged,FWD,Automatic,SUV,JDM/TZ
Land Rover,Range Rover,2006,Vogue,4.4L SDV8 Diesel,FWD,Automatic,SUV,JDM/TZ
Land Rover,Range Rover,2007,HSE,3.0L V6 Supercharged,FWD,Automatic,SUV,JDM/TZ
Land Rover,Range Rover,2007,Autobiography,5.0L V8 Supercharged,FWD,Automatic,SUV,JDM/TZ
Land Rover,Range Rover,2007,Vogue,4.4L SDV8 Diesel,FWD,Automatic,SUV,JDM/TZ
Land Rover,Range Rover,2008,HSE,3.0L V6 Supercharged,FWD,Automatic,SUV,JDM/TZ
Land Rover,Range Rover,2008,Autobiography,5.0L V8 Supercharged,FWD,Automatic,SUV,JDM/TZ
Land Rover,Range Rover,2008,Vogue,4.4L SDV8 Diesel,FWD,Automatic,SUV,JDM/TZ
Land Rover,Range Rover,2009,HSE,3.0L V6 Supercharged,FWD,Automatic,SUV,JDM/TZ
Land Rover,Range Rover,2009,Autobiography,5.0L V8 Supercharged,FWD,Automatic,SUV,JDM/TZ
Land Rover,Range Rover,2009,Vogue,4.4L SDV8 Diesel,FWD,Automatic,SUV,JDM/TZ
Land Rover,Range Rover,2010,HSE,3.0L V6 Supercharged,FWD,Automatic,SUV,JDM/TZ
Land Rover,Range Rover,2010,Autobiography,5.0L V8 Supercharged,FWD,Automatic,SUV,JDM/TZ
Land Rover,Range Rover,2010,Vogue,4.4L SDV8 Diesel,FWD,Automatic,SUV,JDM/TZ
Land Rover,Range Rover,2011,HSE,3.0L V6 Supercharged,FWD,Automatic,SUV,JDM/TZ
Land Rover,Range Rover,2011,Autobiography,5.0L V8 Supercharged,FWD,Automatic,SUV,JDM/TZ
Land Rover,Range Rover,2011,Vogue,4.4L SDV8 Diesel,FWD,Automatic,SUV,JDM/TZ
Land Rover,Range Rover,2012,HSE,3.0L V6 Supercharged,FWD,Automatic,SUV,JDM/TZ
Land Rover,Range Rover,2012,Autobiography,5.0L V8 Supercharged,FWD,Automatic,SUV,JDM/TZ
Land Rover,Range Rover,2012,Vogue,4.4L SDV8 Diesel,FWD,Automatic,SUV,JDM/TZ
Land Rover,Range Rover,2013,HSE,3.0L V6 Supercharged,FWD,Automatic,SUV,JDM/TZ
Land Rover,Range Rover,2013,Autobiography,5.0L V8 Supercharged,FWD,Automatic,SUV,JDM/TZ
Land Rover,Range Rover,2013,Vogue,4.4L SDV8 Diesel,FWD,Automatic,SUV,JDM/TZ
Land Rover,Range Rover,2014,HSE,3.0L V6 Supercharged,FWD,Automatic,SUV,JDM/TZ
Land Rover,Range Rover,2014,Autobiography,5.0L V8 Supercharged,FWD,Automatic,SUV,JDM/TZ
Land Rover,Range Rover,2014,Vogue,4.4L SDV8 Diesel,FWD,Automatic,SUV,JDM/TZ
Land Rover,Range Rover,2015,HSE,3.0L V6 Supercharged,FWD,Automatic,SUV,JDM/TZ
Land Rover,Range Rover,2015,Autobiography,5.0L V8 Supercharged,FWD,Automatic,SUV,JDM/TZ
Land Rover,Range Rover,2015,Vogue,4.4L SDV8 Diesel,FWD,Automatic,SUV,JDM/TZ
Land Rover,Range Rover,2016,HSE,3.0L V6 Supercharged,FWD,Automatic,SUV,JDM/TZ
Land Rover,Range Rover,2016,Autobiography,5.0L V8 Supercharged,FWD,Automatic,SUV,JDM/TZ
Land Rover,Range Rover,2016,Vogue,4.4L SDV8 Diesel,FWD,Automatic,SUV,JDM/TZ
Land Rover,Range Rover,2017,HSE,3.0L V6 Supercharged,FWD,Automatic,SUV,JDM/TZ
Land Rover,Range Rover,2017,Autobiography,5.0L V8 Supercharged,FWD,Automatic,SUV,JDM/TZ
Land Rover,Range Rover,2017,Vogue,4.4L SDV8 Diesel,FWD,Automatic,SUV,JDM/TZ
Land Rover,Range Rover,2018,HSE,3.0L V6 Supercharged,FWD,Automatic,SUV,JDM/TZ
Land Rover,Range Rover,2018,Autobiography,5.0L V8 Supercharged,FWD,Automatic,SUV,JDM/TZ
Land Rover,Range Rover,2018,Vogue,4.4L SDV8 Diesel,FWD,Automatic,SUV,JDM/TZ
Land Rover,Range Rover,2019,HSE,3.0L V6 Supercharged,FWD,Automatic,SUV,JDM/TZ
Land Rover,Range Rover,2019,Autobiography,5.0L V8 Supercharged,FWD,Automatic,SUV,JDM/TZ
Land Rover,Range Rover,2019,Vogue,4.4L SDV8 Diesel,FWD,Automatic,SUV,JDM/TZ
Land Rover,Range Rover,2020,HSE,3.0L V6 Supercharged,FWD,Automatic,SUV,JDM/TZ
Land Rover,Range Rover,2020,Autobiography,5.0L V8 Supercharged,FWD,Automatic,SUV,JDM/TZ
Land Rover,Range Rover,2020,Vogue,4.4L SDV8 Diesel,FWD,Automatic,SUV,JDM/TZ
Land Rover,Range Rover,2021,HSE,3.0L V6 Supercharged,FWD,Automatic,SUV,JDM/TZ
Land Rover,Range Rover,2021,Autobiography,5.0L V8 Supercharged,FWD,Automatic,SUV,JDM/TZ
Land Rover,Range Rover,2021,Vogue,4.4L SDV8 Diesel,FWD,Automatic,SUV,JDM/TZ
Land Rover,Range Rover,2022,HSE,3.0L V6 Supercharged,FWD,Automatic,SUV,JDM/TZ
Land Rover,Range Rover,2022,Autobiography,5.0L V8 Supercharged,FWD,Automatic,SUV,JDM/TZ
Land Rover,Range Rover,2022,Vogue,4.4L SDV8 Diesel,FWD,Automatic,SUV,JDM/TZ
Land Rover,Range Rover,2023,HSE,3.0L V6 Supercharged,FWD,Automatic,SUV,JDM/TZ
Land Rover,Range Rover,2023,Autobiography,5.0L V8 Supercharged,FWD,Automatic,SUV,JDM/TZ
Land Rover,Range Rover,2023,Vogue,4.4L SDV8 Diesel,FWD,Automatic,SUV,JDM/TZ
Land Rover,Range Rover Sport,2005,HSE,3.0L SDV6 Diesel,FWD,Automatic,SUV,JDM/TZ
Land Rover,Range Rover Sport,2005,SVR,5.0L V8 Supercharged,FWD,Automatic,SUV,JDM/TZ
Land Rover,Range Rover Sport,2006,HSE,3.0L SDV6 Diesel,FWD,Automatic,SUV,JDM/TZ
Land Rover,Range Rover Sport,2006,SVR,5.0L V8 Supercharged,FWD,Automatic,SUV,JDM/TZ
Land Rover,Range Rover Sport,2007,HSE,3.0L SDV6 Diesel,FWD,Automatic,SUV,JDM/TZ
Land Rover,Range Rover Sport,2007,SVR,5.0L V8 Supercharged,FWD,Automatic,SUV,JDM/TZ
Land Rover,Range Rover Sport,2008,HSE,3.0L SDV6 Diesel,FWD,Automatic,SUV,JDM/TZ
Land Rover,Range Rover Sport,2008,SVR,5.0L V8 Supercharged,FWD,Automatic,SUV,JDM/TZ
Land Rover,Range Rover Sport,2009,HSE,3.0L SDV6 Diesel,FWD,Automatic,SUV,JDM/TZ
Land Rover,Range Rover Sport,2009,SVR,5.0L V8 Supercharged,FWD,Automatic,SUV,JDM/TZ
Land Rover,Range Rover Sport,2010,HSE,3.0L SDV6 Diesel,FWD,Automatic,SUV,JDM/TZ
Land Rover,Range Rover Sport,2010,SVR,5.0L V8 Supercharged,FWD,Automatic,SUV,JDM/TZ
Land Rover,Range Rover Sport,2011,HSE,3.0L SDV6 Diesel,FWD,Automatic,SUV,JDM/TZ
Land Rover,Range Rover Sport,2011,SVR,5.0L V8 Supercharged,FWD,Automatic,SUV,JDM/TZ
Land Rover,Range Rover Sport,2012,HSE,3.0L SDV6 Diesel,FWD,Automatic,SUV,JDM/TZ
Land Rover,Range Rover Sport,2012,SVR,5.0L V8 Supercharged,FWD,Automatic,SUV,JDM/TZ
Land Rover,Range Rover Sport,2013,HSE,3.0L SDV6 Diesel,FWD,Automatic,SUV,JDM/TZ
Land Rover,Range Rover Sport,2013,SVR,5.0L V8 Supercharged,FWD,Automatic,SUV,JDM/TZ
Land Rover,Range Rover Sport,2014,HSE,3.0L SDV6 Diesel,FWD,Automatic,SUV,JDM/TZ
Land Rover,Range Rover Sport,2014,SVR,5.0L V8 Supercharged,FWD,Automatic,SUV,JDM/TZ
Land Rover,Range Rover Sport,2015,HSE,3.0L SDV6 Diesel,FWD,Automatic,SUV,JDM/TZ
Land Rover,Range Rover Sport,2015,SVR,5.0L V8 Supercharged,FWD,Automatic,SUV,JDM/TZ
Land Rover,Range Rover Sport,2016,HSE,3.0L SDV6 Diesel,FWD,Automatic,SUV,JDM/TZ
Land Rover,Range Rover Sport,2016,SVR,5.0L V8 Supercharged,FWD,Automatic,SUV,JDM/TZ
Land Rover,Range Rover Sport,2017,HSE,3.0L SDV6 Diesel,FWD,Automatic,SUV,JDM/TZ
Land Rover,Range Rover Sport,2017,SVR,5.0L V8 Supercharged,FWD,Automatic,SUV,JDM/TZ
Land Rover,Range Rover Sport,2018,HSE,3.0L SDV6 Diesel,FWD,Automatic,SUV,JDM/TZ
Land Rover,Range Rover Sport,2018,SVR,5.0L V8 Supercharged,FWD,Automatic,SUV,JDM/TZ
Land Rover,Range Rover Sport,2019,HSE,3.0L SDV6 Diesel,FWD,Automatic,SUV,JDM/TZ
Land Rover,Range Rover Sport,2019,SVR,5.0L V8 Supercharged,FWD,Automatic,SUV,JDM/TZ
Land Rover,Range Rover Sport,2020,HSE,3.0L SDV6 Diesel,FWD,Automatic,SUV,JDM/TZ
Land Rover,Range Rover Sport,2020,SVR,5.0L V8 Supercharged,FWD,Automatic,SUV,JDM/TZ
Land Rover,Range Rover Sport,2021,HSE,3.0L SDV6 Diesel,FWD,Automatic,SUV,JDM/TZ
Land Rover,Range Rover Sport,2021,SVR,5.0L V8 Supercharged,FWD,Automatic,SUV,JDM/TZ
Land Rover,Range Rover Sport,2022,HSE,3.0L SDV6 Diesel,FWD,Automatic,SUV,JDM/TZ
Land Rover,Range Rover Sport,2022,SVR,5.0L V8 Supercharged,FWD,Automatic,SUV,JDM/TZ
Land Rover,Range Rover Sport,2023,HSE,3.0L SDV6 Diesel,FWD,Automatic,SUV,JDM/TZ
Land Rover,Range Rover Sport,2023,SVR,5.0L V8 Supercharged,FWD,Automatic,SUV,JDM/TZ
Land Rover,Discovery,2005,SE,3.0L SDV6 Diesel,FWD,Automatic,SUV,JDM/TZ
Land Rover,Discovery,2005,HSE Luxury,3.0L Si6,FWD,Automatic,SUV,JDM/TZ
Land Rover,Discovery,2006,SE,3.0L SDV6 Diesel,FWD,Automatic,SUV,JDM/TZ
Land Rover,Discovery,2006,HSE Luxury,3.0L Si6,FWD,Automatic,SUV,JDM/TZ
Land Rover,Discovery,2007,SE,3.0L SDV6 Diesel,FWD,Automatic,SUV,JDM/TZ
Land Rover,Discovery,2007,HSE Luxury,3.0L Si6,FWD,Automatic,SUV,JDM/TZ
Land Rover,Discovery,2008,SE,3.0L SDV6 Diesel,FWD,Automatic,SUV,JDM/TZ
Land Rover,Discovery,2008,HSE Luxury,3.0L Si6,FWD,Automatic,SUV,JDM/TZ
Land Rover,Discovery,2009,SE,3.0L SDV6 Diesel,FWD,Automatic,SUV,JDM/TZ
Land Rover,Discovery,2009,HSE Luxury,3.0L Si6,FWD,Automatic,SUV,JDM/TZ
Land Rover,Discovery,2010,SE,3.0L SDV6 Diesel,FWD,Automatic,SUV,JDM/TZ
Land Rover,Discovery,2010,HSE Luxury,3.0L Si6,FWD,Automatic,SUV,JDM/TZ
Land Rover,Discovery,2011,SE,3.0L SDV6 Diesel,FWD,Automatic,SUV,JDM/TZ
Land Rover,Discovery,2011,HSE Luxury,3.0L Si6,FWD,Automatic,SUV,JDM/TZ
Land Rover,Discovery,2012,SE,3.0L SDV6 Diesel,FWD,Automatic,SUV,JDM/TZ
Land Rover,Discovery,2012,HSE Luxury,3.0L Si6,FWD,Automatic,SUV,JDM/TZ
Land Rover,Discovery,2013,SE,3.0L SDV6 Diesel,FWD,Automatic,SUV,JDM/TZ
Land Rover,Discovery,2013,HSE Luxury,3.0L Si6,FWD,Automatic,SUV,JDM/TZ
Land Rover,Discovery,2014,SE,3.0L SDV6 Diesel,FWD,Automatic,SUV,JDM/TZ
Land Rover,Discovery,2014,HSE Luxury,3.0L Si6,FWD,Automatic,SUV,JDM/TZ
Land Rover,Discovery,2015,SE,3.0L SDV6 Diesel,FWD,Automatic,SUV,JDM/TZ
Land Rover,Discovery,2015,HSE Luxury,3.0L Si6,FWD,Automatic,SUV,JDM/TZ
Land Rover,Discovery,2016,SE,3.0L SDV6 Diesel,FWD,Automatic,SUV,JDM/TZ
Land Rover,Discovery,2016,HSE Luxury,3.0L Si6,FWD,Automatic,SUV,JDM/TZ
Land Rover,Discovery,2017,SE,3.0L SDV6 Diesel,FWD,Automatic,SUV,JDM/TZ
Land Rover,Discovery,2017,HSE Luxury,3.0L Si6,FWD,Automatic,SUV,JDM/TZ
Land Rover,Discovery,2018,SE,3.0L SDV6 Diesel,FWD,Automatic,SUV,JDM/TZ
Land Rover,Discovery,2018,HSE Luxury,3.0L Si6,FWD,Automatic,SUV,JDM/TZ
Land Rover,Discovery,2019,SE,3.0L SDV6 Diesel,FWD,Automatic,SUV,JDM/TZ
Land Rover,Discovery,2019,HSE Luxury,3.0L Si6,FWD,Automatic,SUV,JDM/TZ
Land Rover,Discovery,2020,SE,3.0L SDV6 Diesel,FWD,Automatic,SUV,JDM/TZ
Land Rover,Discovery,2020,HSE Luxury,3.0L Si6,FWD,Automatic,SUV,JDM/TZ
Land Rover,Discovery,2021,SE,3.0L SDV6 Diesel,FWD,Automatic,SUV,JDM/TZ
Land Rover,Discovery,2021,HSE Luxury,3.0L Si6,FWD,Automatic,SUV,JDM/TZ
Land Rover,Discovery,2022,SE,3.0L SDV6 Diesel,FWD,Automatic,SUV,JDM/TZ
Land Rover,Discovery,2022,HSE Luxury,3.0L Si6,FWD,Automatic,SUV,JDM/TZ
Land Rover,Discovery,2023,SE,3.0L SDV6 Diesel,FWD,Automatic,SUV,JDM/TZ
Land Rover,Discovery,2023,HSE Luxury,3.0L Si6,FWD,Automatic,SUV,JDM/TZ
Land Rover,Defender,2005,90,2.2L Diesel,4WD,Automatic,SUV,JDM/TZ
Land Rover,Defender,2005,110,2.4L Puma Diesel,4WD,Automatic,SUV,JDM/TZ
Land Rover,Defender,2005,110 X,3.0L P400,4WD,Automatic,SUV,JDM/TZ
Land Rover,Defender,2006,90,2.2L Diesel,4WD,Automatic,SUV,JDM/TZ
Land Rover,Defender,2006,110,2.4L Puma Diesel,4WD,Automatic,SUV,JDM/TZ
Land Rover,Defender,2006,110 X,3.0L P400,4WD,Automatic,SUV,JDM/TZ
Land Rover,Defender,2007,90,2.2L Diesel,4WD,Automatic,SUV,JDM/TZ
Land Rover,Defender,2007,110,2.4L Puma Diesel,4WD,Automatic,SUV,JDM/TZ
Land Rover,Defender,2007,110 X,3.0L P400,4WD,Automatic,SUV,JDM/TZ
Land Rover,Defender,2008,90,2.2L Diesel,4WD,Automatic,SUV,JDM/TZ
Land Rover,Defender,2008,110,2.4L Puma Diesel,4WD,Automatic,SUV,JDM/TZ
Land Rover,Defender,2008,110 X,3.0L P400,4WD,Automatic,SUV,JDM/TZ
Land Rover,Defender,2009,90,2.2L Diesel,4WD,Automatic,SUV,JDM/TZ
Land Rover,Defender,2009,110,2.4L Puma Diesel,4WD,Automatic,SUV,JDM/TZ
Land Rover,Defender,2009,110 X,3.0L P400,4WD,Automatic,SUV,JDM/TZ
Land Rover,Defender,2010,90,2.2L Diesel,4WD,Automatic,SUV,JDM/TZ
Land Rover,Defender,2010,110,2.4L Puma Diesel,4WD,Automatic,SUV,JDM/TZ
Land Rover,Defender,2010,110 X,3.0L P400,4WD,Automatic,SUV,JDM/TZ
Land Rover,Defender,2011,90,2.2L Diesel,4WD,Automatic,SUV,JDM/TZ
Land Rover,Defender,2011,110,2.4L Puma Diesel,4WD,Automatic,SUV,JDM/TZ
Land Rover,Defender,2011,110 X,3.0L P400,4WD,Automatic,SUV,JDM/TZ
Land Rover,Defender,2012,90,2.2L Diesel,4WD,Automatic,SUV,JDM/TZ
Land Rover,Defender,2012,110,2.4L Puma Diesel,4WD,Automatic,SUV,JDM/TZ
Land Rover,Defender,2012,110 X,3.0L P400,4WD,Automatic,SUV,JDM/TZ
Land Rover,Defender,2013,90,2.2L Diesel,4WD,Automatic,SUV,JDM/TZ
Land Rover,Defender,2013,110,2.4L Puma Diesel,4WD,Automatic,SUV,JDM/TZ
Land Rover,Defender,2013,110 X,3.0L P400,4WD,Automatic,SUV,JDM/TZ
Land Rover,Defender,2014,90,2.2L Diesel,4WD,Automatic,SUV,JDM/TZ
Land Rover,Defender,2014,110,2.4L Puma Diesel,4WD,Automatic,SUV,JDM/TZ
Land Rover,Defender,2014,110 X,3.0L P400,4WD,Automatic,SUV,JDM/TZ
Land Rover,Defender,2015,90,2.2L Diesel,4WD,Automatic,SUV,JDM/TZ
Land Rover,Defender,2015,110,2.4L Puma Diesel,4WD,Automatic,SUV,JDM/TZ
Land Rover,Defender,2015,110 X,3.0L P400,4WD,Automatic,SUV,JDM/TZ
Land Rover,Defender,2016,90,2.2L Diesel,4WD,Automatic,SUV,JDM/TZ
Land Rover,Defender,2016,110,2.4L Puma Diesel,4WD,Automatic,SUV,JDM/TZ
Land Rover,Defender,2016,110 X,3.0L P400,4WD,Automatic,SUV,JDM/TZ
Land Rover,Defender,2017,90,2.2L Diesel,4WD,Automatic,SUV,JDM/TZ
Land Rover,Defender,2017,110,2.4L Puma Diesel,4WD,Automatic,SUV,JDM/TZ
Land Rover,Defender,2017,110 X,3.0L P400,4WD,Automatic,SUV,JDM/TZ
Land Rover,Defender,2018,90,2.2L Diesel,4WD,Automatic,SUV,JDM/TZ
Land Rover,Defender,2018,110,2.4L Puma Diesel,4WD,Automatic,SUV,JDM/TZ
Land Rover,Defender,2018,110 X,3.0L P400,4WD,Automatic,SUV,JDM/TZ
Land Rover,Defender,2019,90,2.2L Diesel,4WD,Automatic,SUV,JDM/TZ
Land Rover,Defender,2019,110,2.4L Puma Diesel,4WD,Automatic,SUV,JDM/TZ
Land Rover,Defender,2019,110 X,3.0L P400,4WD,Automatic,SUV,JDM/TZ
Land Rover,Defender,2020,90,2.2L Diesel,4WD,Automatic,SUV,JDM/TZ
Land Rover,Defender,2020,110,2.4L Puma Diesel,4WD,Automatic,SUV,JDM/TZ
Land Rover,Defender,2020,110 X,3.0L P400,4WD,Automatic,SUV,JDM/TZ
Land Rover,Defender,2021,90,2.2L Diesel,4WD,Automatic,SUV,JDM/TZ
Land Rover,Defender,2021,110,2.4L Puma Diesel,4WD,Automatic,SUV,JDM/TZ
Land Rover,Defender,2021,110 X,3.0L P400,4WD,Automatic,SUV,JDM/TZ
Land Rover,Defender,2022,90,2.2L Diesel,4WD,Automatic,SUV,JDM/TZ
Land Rover,Defender,2022,110,2.4L Puma Diesel,4WD,Automatic,SUV,JDM/TZ
Land Rover,Defender,2022,110 X,3.0L P400,4WD,Automatic,SUV,JDM/TZ
Land Rover,Defender,2023,90,2.2L Diesel,4WD,Automatic,SUV,JDM/TZ
Land Rover,Defender,2023,110,2.4L Puma Diesel,4WD,Automatic,SUV,JDM/TZ
Land Rover,Defender,2023,110 X,3.0L P400,4WD,Automatic,SUV,JDM/TZ
Volkswagen,Golf,2005,TSI,1.4L Turbo,FWD,Automatic,Hatchback,JDM/TZ
Volkswagen,Golf,2005,GTI,2.0L Turbo,FWD,Automatic,Hatchback,JDM/TZ
Volkswagen,Golf,2005,R,2.0L Turbo 4Motion,FWD,Automatic,Hatchback,JDM/TZ
Volkswagen,Golf,2006,TSI,1.4L Turbo,FWD,Automatic,Hatchback,JDM/TZ
Volkswagen,Golf,2006,GTI,2.0L Turbo,FWD,Automatic,Hatchback,JDM/TZ
Volkswagen,Golf,2006,R,2.0L Turbo 4Motion,FWD,Automatic,Hatchback,JDM/TZ
Volkswagen,Golf,2007,TSI,1.4L Turbo,FWD,Automatic,Hatchback,JDM/TZ
Volkswagen,Golf,2007,GTI,2.0L Turbo,FWD,Automatic,Hatchback,JDM/TZ
Volkswagen,Golf,2007,R,2.0L Turbo 4Motion,FWD,Automatic,Hatchback,JDM/TZ
Volkswagen,Golf,2008,TSI,1.4L Turbo,FWD,Automatic,Hatchback,JDM/TZ
Volkswagen,Golf,2008,GTI,2.0L Turbo,FWD,Automatic,Hatchback,JDM/TZ
Volkswagen,Golf,2008,R,2.0L Turbo 4Motion,FWD,Automatic,Hatchback,JDM/TZ
Volkswagen,Golf,2009,TSI,1.4L Turbo,FWD,Automatic,Hatchback,JDM/TZ
Volkswagen,Golf,2009,GTI,2.0L Turbo,FWD,Automatic,Hatchback,JDM/TZ
Volkswagen,Golf,2009,R,2.0L Turbo 4Motion,FWD,Automatic,Hatchback,JDM/TZ
Volkswagen,Golf,2010,TSI,1.4L Turbo,FWD,Automatic,Hatchback,JDM/TZ
Volkswagen,Golf,2010,GTI,2.0L Turbo,FWD,Automatic,Hatchback,JDM/TZ
Volkswagen,Golf,2010,R,2.0L Turbo 4Motion,FWD,Automatic,Hatchback,JDM/TZ
Volkswagen,Golf,2011,TSI,1.4L Turbo,FWD,Automatic,Hatchback,JDM/TZ
Volkswagen,Golf,2011,GTI,2.0L Turbo,FWD,Automatic,Hatchback,JDM/TZ
Volkswagen,Golf,2011,R,2.0L Turbo 4Motion,FWD,Automatic,Hatchback,JDM/TZ
Volkswagen,Golf,2012,TSI,1.4L Turbo,FWD,Automatic,Hatchback,JDM/TZ
Volkswagen,Golf,2012,GTI,2.0L Turbo,FWD,Automatic,Hatchback,JDM/TZ
Volkswagen,Golf,2012,R,2.0L Turbo 4Motion,FWD,Automatic,Hatchback,JDM/TZ
Volkswagen,Golf,2013,TSI,1.4L Turbo,FWD,Automatic,Hatchback,JDM/TZ
Volkswagen,Golf,2013,GTI,2.0L Turbo,FWD,Automatic,Hatchback,JDM/TZ
Volkswagen,Golf,2013,R,2.0L Turbo 4Motion,FWD,Automatic,Hatchback,JDM/TZ
Volkswagen,Golf,2014,TSI,1.4L Turbo,FWD,Automatic,Hatchback,JDM/TZ
Volkswagen,Golf,2014,GTI,2.0L Turbo,FWD,Automatic,Hatchback,JDM/TZ
Volkswagen,Golf,2014,R,2.0L Turbo 4Motion,FWD,Automatic,Hatchback,JDM/TZ
Volkswagen,Golf,2015,TSI,1.4L Turbo,FWD,Automatic,Hatchback,JDM/TZ
Volkswagen,Golf,2015,GTI,2.0L Turbo,FWD,Automatic,Hatchback,JDM/TZ
Volkswagen,Golf,2015,R,2.0L Turbo 4Motion,FWD,Automatic,Hatchback,JDM/TZ
Volkswagen,Golf,2016,TSI,1.4L Turbo,FWD,Automatic,Hatchback,JDM/TZ
Volkswagen,Golf,2016,GTI,2.0L Turbo,FWD,Automatic,Hatchback,JDM/TZ
Volkswagen,Golf,2016,R,2.0L Turbo 4Motion,FWD,Automatic,Hatchback,JDM/TZ
Volkswagen,Golf,2017,TSI,1.4L Turbo,FWD,Automatic,Hatchback,JDM/TZ
Volkswagen,Golf,2017,GTI,2.0L Turbo,FWD,Automatic,Hatchback,JDM/TZ
Volkswagen,Golf,2017,R,2.0L Turbo 4Motion,FWD,Automatic,Hatchback,JDM/TZ
Volkswagen,Golf,2018,TSI,1.4L Turbo,FWD,Automatic,Hatchback,JDM/TZ
Volkswagen,Golf,2018,GTI,2.0L Turbo,FWD,Automatic,Hatchback,JDM/TZ
Volkswagen,Golf,2018,R,2.0L Turbo 4Motion,FWD,Automatic,Hatchback,JDM/TZ
Volkswagen,Golf,2019,TSI,1.4L Turbo,FWD,Automatic,Hatchback,JDM/TZ
Volkswagen,Golf,2019,GTI,2.0L Turbo,FWD,Automatic,Hatchback,JDM/TZ
Volkswagen,Golf,2019,R,2.0L Turbo 4Motion,FWD,Automatic,Hatchback,JDM/TZ
Volkswagen,Golf,2020,TSI,1.4L Turbo,FWD,Automatic,Hatchback,JDM/TZ
Volkswagen,Golf,2020,GTI,2.0L Turbo,FWD,Automatic,Hatchback,JDM/TZ
Volkswagen,Golf,2020,R,2.0L Turbo 4Motion,FWD,Automatic,Hatchback,JDM/TZ
Volkswagen,Golf,2021,TSI,1.4L Turbo,FWD,Automatic,Hatchback,JDM/TZ
Volkswagen,Golf,2021,GTI,2.0L Turbo,FWD,Automatic,Hatchback,JDM/TZ
Volkswagen,Golf,2021,R,2.0L Turbo 4Motion,FWD,Automatic,Hatchback,JDM/TZ
Volkswagen,Golf,2022,TSI,1.4L Turbo,FWD,Automatic,Hatchback,JDM/TZ
Volkswagen,Golf,2022,GTI,2.0L Turbo,FWD,Automatic,Hatchback,JDM/TZ
Volkswagen,Golf,2022,R,2.0L Turbo 4Motion,FWD,Automatic,Hatchback,JDM/TZ
Volkswagen,Golf,2023,TSI,1.4L Turbo,FWD,Automatic,Hatchback,JDM/TZ
Volkswagen,Golf,2023,GTI,2.0L Turbo,FWD,Automatic,Hatchback,JDM/TZ
Volkswagen,Golf,2023,R,2.0L Turbo 4Motion,FWD,Automatic,Hatchback,JDM/TZ
Volkswagen,Touareg,2005,V6,3.0L TDI V6,FWD,Automatic,SUV,JDM/TZ
Volkswagen,Touareg,2005,V8,4.2L TDI V8,FWD,Automatic,SUV,JDM/TZ
Volkswagen,Touareg,2006,V6,3.0L TDI V6,FWD,Automatic,SUV,JDM/TZ
Volkswagen,Touareg,2006,V8,4.2L TDI V8,FWD,Automatic,SUV,JDM/TZ
Volkswagen,Touareg,2007,V6,3.0L TDI V6,FWD,Automatic,SUV,JDM/TZ
Volkswagen,Touareg,2007,V8,4.2L TDI V8,FWD,Automatic,SUV,JDM/TZ
Volkswagen,Touareg,2008,V6,3.0L TDI V6,FWD,Automatic,SUV,JDM/TZ
Volkswagen,Touareg,2008,V8,4.2L TDI V8,FWD,Automatic,SUV,JDM/TZ
Volkswagen,Touareg,2009,V6,3.0L TDI V6,FWD,Automatic,SUV,JDM/TZ
Volkswagen,Touareg,2009,V8,4.2L TDI V8,FWD,Automatic,SUV,JDM/TZ
Volkswagen,Touareg,2010,V6,3.0L TDI V6,FWD,Automatic,SUV,JDM/TZ
Volkswagen,Touareg,2010,V8,4.2L TDI V8,FWD,Automatic,SUV,JDM/TZ
Volkswagen,Touareg,2011,V6,3.0L TDI V6,FWD,Automatic,SUV,JDM/TZ
Volkswagen,Touareg,2011,V8,4.2L TDI V8,FWD,Automatic,SUV,JDM/TZ
Volkswagen,Touareg,2012,V6,3.0L TDI V6,FWD,Automatic,SUV,JDM/TZ
Volkswagen,Touareg,2012,V8,4.2L TDI V8,FWD,Automatic,SUV,JDM/TZ
Volkswagen,Touareg,2013,V6,3.0L TDI V6,FWD,Automatic,SUV,JDM/TZ
Volkswagen,Touareg,2013,V8,4.2L TDI V8,FWD,Automatic,SUV,JDM/TZ
Volkswagen,Touareg,2014,V6,3.0L TDI V6,FWD,Automatic,SUV,JDM/TZ
Volkswagen,Touareg,2014,V8,4.2L TDI V8,FWD,Automatic,SUV,JDM/TZ
Volkswagen,Touareg,2015,V6,3.0L TDI V6,FWD,Automatic,SUV,JDM/TZ
Volkswagen,Touareg,2015,V8,4.2L TDI V8,FWD,Automatic,SUV,JDM/TZ
Volkswagen,Touareg,2016,V6,3.0L TDI V6,FWD,Automatic,SUV,JDM/TZ
Volkswagen,Touareg,2016,V8,4.2L TDI V8,FWD,Automatic,SUV,JDM/TZ
Volkswagen,Touareg,2017,V6,3.0L TDI V6,FWD,Automatic,SUV,JDM/TZ
Volkswagen,Touareg,2017,V8,4.2L TDI V8,FWD,Automatic,SUV,JDM/TZ
Volkswagen,Touareg,2018,V6,3.0L TDI V6,FWD,Automatic,SUV,JDM/TZ
Volkswagen,Touareg,2018,V8,4.2L TDI V8,FWD,Automatic,SUV,JDM/TZ
Volkswagen,Touareg,2019,V6,3.0L TDI V6,FWD,Automatic,SUV,JDM/TZ
Volkswagen,Touareg,2019,V8,4.2L TDI V8,FWD,Automatic,SUV,JDM/TZ
Volkswagen,Touareg,2020,V6,3.0L TDI V6,FWD,Automatic,SUV,JDM/TZ
Volkswagen,Touareg,2020,V8,4.2L TDI V8,FWD,Automatic,SUV,JDM/TZ
Volkswagen,Touareg,2021,V6,3.0L TDI V6,FWD,Automatic,SUV,JDM/TZ
Volkswagen,Touareg,2021,V8,4.2L TDI V8,FWD,Automatic,SUV,JDM/TZ
Volkswagen,Touareg,2022,V6,3.0L TDI V6,FWD,Automatic,SUV,JDM/TZ
Volkswagen,Touareg,2022,V8,4.2L TDI V8,FWD,Automatic,SUV,JDM/TZ
Volkswagen,Touareg,2023,V6,3.0L TDI V6,FWD,Automatic,SUV,JDM/TZ
Volkswagen,Touareg,2023,V8,4.2L TDI V8,FWD,Automatic,SUV,JDM/TZ
Volkswagen,Tiguan,2008,Track & Field,2.0L TSI,FWD,Automatic,SUV,JDM/TZ
Volkswagen,Tiguan,2008,R-Line,2.0L TDI,FWD,Automatic,SUV,JDM/TZ
Volkswagen,Tiguan,2009,Track & Field,2.0L TSI,FWD,Automatic,SUV,JDM/TZ
Volkswagen,Tiguan,2009,R-Line,2.0L TDI,FWD,Automatic,SUV,JDM/TZ
Volkswagen,Tiguan,2010,Track & Field,2.0L TSI,FWD,Automatic,SUV,JDM/TZ
Volkswagen,Tiguan,2010,R-Line,2.0L TDI,FWD,Automatic,SUV,JDM/TZ
Volkswagen,Tiguan,2011,Track & Field,2.0L TSI,FWD,Automatic,SUV,JDM/TZ
Volkswagen,Tiguan,2011,R-Line,2.0L TDI,FWD,Automatic,SUV,JDM/TZ
Volkswagen,Tiguan,2012,Track & Field,2.0L TSI,FWD,Automatic,SUV,JDM/TZ
Volkswagen,Tiguan,2012,R-Line,2.0L TDI,FWD,Automatic,SUV,JDM/TZ
Volkswagen,Tiguan,2013,Track & Field,2.0L TSI,FWD,Automatic,SUV,JDM/TZ
Volkswagen,Tiguan,2013,R-Line,2.0L TDI,FWD,Automatic,SUV,JDM/TZ
Volkswagen,Tiguan,2014,Track & Field,2.0L TSI,FWD,Automatic,SUV,JDM/TZ
Volkswagen,Tiguan,2014,R-Line,2.0L TDI,FWD,Automatic,SUV,JDM/TZ
Volkswagen,Tiguan,2015,Track & Field,2.0L TSI,FWD,Automatic,SUV,JDM/TZ
Volkswagen,Tiguan,2015,R-Line,2.0L TDI,FWD,Automatic,SUV,JDM/TZ
Volkswagen,Tiguan,2016,Track & Field,2.0L TSI,FWD,Automatic,SUV,JDM/TZ
Volkswagen,Tiguan,2016,R-Line,2.0L TDI,FWD,Automatic,SUV,JDM/TZ
Volkswagen,Tiguan,2017,Track & Field,2.0L TSI,FWD,Automatic,SUV,JDM/TZ
Volkswagen,Tiguan,2017,R-Line,2.0L TDI,FWD,Automatic,SUV,JDM/TZ
Volkswagen,Tiguan,2018,Track & Field,2.0L TSI,FWD,Automatic,SUV,JDM/TZ
Volkswagen,Tiguan,2018,R-Line,2.0L TDI,FWD,Automatic,SUV,JDM/TZ
Volkswagen,Tiguan,2019,Track & Field,2.0L TSI,FWD,Automatic,SUV,JDM/TZ
Volkswagen,Tiguan,2019,R-Line,2.0L TDI,FWD,Automatic,SUV,JDM/TZ
Volkswagen,Tiguan,2020,Track & Field,2.0L TSI,FWD,Automatic,SUV,JDM/TZ
Volkswagen,Tiguan,2020,R-Line,2.0L TDI,FWD,Automatic,SUV,JDM/TZ
Volkswagen,Tiguan,2021,Track & Field,2.0L TSI,FWD,Automatic,SUV,JDM/TZ
Volkswagen,Tiguan,2021,R-Line,2.0L TDI,FWD,Automatic,SUV,JDM/TZ
Volkswagen,Tiguan,2022,Track & Field,2.0L TSI,FWD,Automatic,SUV,JDM/TZ
Volkswagen,Tiguan,2022,R-Line,2.0L TDI,FWD,Automatic,SUV,JDM/TZ
Volkswagen,Tiguan,2023,Track & Field,2.0L TSI,FWD,Automatic,SUV,JDM/TZ
Volkswagen,Tiguan,2023,R-Line,2.0L TDI,FWD,Automatic,SUV,JDM/TZ
Volkswagen,Amarok,2010,Highline,2.0L BiTDI,FWD,Automatic,Truck,JDM/TZ
Volkswagen,Amarok,2010,Aventura,3.0L V6 TDI,FWD,Automatic,Truck,JDM/TZ
Volkswagen,Amarok,2011,Highline,2.0L BiTDI,FWD,Automatic,Truck,JDM/TZ
Volkswagen,Amarok,2011,Aventura,3.0L V6 TDI,FWD,Automatic,Truck,JDM/TZ
Volkswagen,Amarok,2012,Highline,2.0L BiTDI,FWD,Automatic,Truck,JDM/TZ
Volkswagen,Amarok,2012,Aventura,3.0L V6 TDI,FWD,Automatic,Truck,JDM/TZ
Volkswagen,Amarok,2013,Highline,2.0L BiTDI,FWD,Automatic,Truck,JDM/TZ
Volkswagen,Amarok,2013,Aventura,3.0L V6 TDI,FWD,Automatic,Truck,JDM/TZ
Volkswagen,Amarok,2014,Highline,2.0L BiTDI,FWD,Automatic,Truck,JDM/TZ
Volkswagen,Amarok,2014,Aventura,3.0L V6 TDI,FWD,Automatic,Truck,JDM/TZ
Volkswagen,Amarok,2015,Highline,2.0L BiTDI,FWD,Automatic,Truck,JDM/TZ
Volkswagen,Amarok,2015,Aventura,3.0L V6 TDI,FWD,Automatic,Truck,JDM/TZ
Volkswagen,Amarok,2016,Highline,2.0L BiTDI,FWD,Automatic,Truck,JDM/TZ
Volkswagen,Amarok,2016,Aventura,3.0L V6 TDI,FWD,Automatic,Truck,JDM/TZ
Volkswagen,Amarok,2017,Highline,2.0L BiTDI,FWD,Automatic,Truck,JDM/TZ
Volkswagen,Amarok,2017,Aventura,3.0L V6 TDI,FWD,Automatic,Truck,JDM/TZ
Volkswagen,Amarok,2018,Highline,2.0L BiTDI,FWD,Automatic,Truck,JDM/TZ
Volkswagen,Amarok,2018,Aventura,3.0L V6 TDI,FWD,Automatic,Truck,JDM/TZ
Volkswagen,Amarok,2019,Highline,2.0L BiTDI,FWD,Automatic,Truck,JDM/TZ
Volkswagen,Amarok,2019,Aventura,3.0L V6 TDI,FWD,Automatic,Truck,JDM/TZ
Volkswagen,Amarok,2020,Highline,2.0L BiTDI,FWD,Automatic,Truck,JDM/TZ
Volkswagen,Amarok,2020,Aventura,3.0L V6 TDI,FWD,Automatic,Truck,JDM/TZ
Volkswagen,Amarok,2021,Highline,2.0L BiTDI,FWD,Automatic,Truck,JDM/TZ
Volkswagen,Amarok,2021,Aventura,3.0L V6 TDI,FWD,Automatic,Truck,JDM/TZ
Volkswagen,Amarok,2022,Highline,2.0L BiTDI,FWD,Automatic,Truck,JDM/TZ
Volkswagen,Amarok,2022,Aventura,3.0L V6 TDI,FWD,Automatic,Truck,JDM/TZ
Volkswagen,Amarok,2023,Highline,2.0L BiTDI,FWD,Automatic,Truck,JDM/TZ
Volkswagen,Amarok,2023,Aventura,3.0L V6 TDI,FWD,Automatic,Truck,JDM/TZ
BMW,X5,2005,xDrive30d,3.0L Turbo Diesel,AWD/4WD,Automatic,SUV,JDM/TZ
BMW,X5,2005,xDrive40i,3.0L Turbo,AWD/4WD,Automatic,SUV,JDM/TZ
BMW,X5,2005,X5 M,4.4L Twin-Turbo V8,FWD,Automatic,SUV,JDM/TZ
BMW,X5,2006,xDrive30d,3.0L Turbo Diesel,AWD/4WD,Automatic,SUV,JDM/TZ
BMW,X5,2006,xDrive40i,3.0L Turbo,AWD/4WD,Automatic,SUV,JDM/TZ
BMW,X5,2006,X5 M,4.4L Twin-Turbo V8,FWD,Automatic,SUV,JDM/TZ
BMW,X5,2007,xDrive30d,3.0L Turbo Diesel,AWD/4WD,Automatic,SUV,JDM/TZ
BMW,X5,2007,xDrive40i,3.0L Turbo,AWD/4WD,Automatic,SUV,JDM/TZ
BMW,X5,2007,X5 M,4.4L Twin-Turbo V8,FWD,Automatic,SUV,JDM/TZ
BMW,X5,2008,xDrive30d,3.0L Turbo Diesel,AWD/4WD,Automatic,SUV,JDM/TZ
BMW,X5,2008,xDrive40i,3.0L Turbo,AWD/4WD,Automatic,SUV,JDM/TZ
BMW,X5,2008,X5 M,4.4L Twin-Turbo V8,FWD,Automatic,SUV,JDM/TZ
BMW,X5,2009,xDrive30d,3.0L Turbo Diesel,AWD/4WD,Automatic,SUV,JDM/TZ
BMW,X5,2009,xDrive40i,3.0L Turbo,AWD/4WD,Automatic,SUV,JDM/TZ
BMW,X5,2009,X5 M,4.4L Twin-Turbo V8,FWD,Automatic,SUV,JDM/TZ
BMW,X5,2010,xDrive30d,3.0L Turbo Diesel,AWD/4WD,Automatic,SUV,JDM/TZ
BMW,X5,2010,xDrive40i,3.0L Turbo,AWD/4WD,Automatic,SUV,JDM/TZ
BMW,X5,2010,X5 M,4.4L Twin-Turbo V8,FWD,Automatic,SUV,JDM/TZ
BMW,X5,2011,xDrive30d,3.0L Turbo Diesel,AWD/4WD,Automatic,SUV,JDM/TZ
BMW,X5,2011,xDrive40i,3.0L Turbo,AWD/4WD,Automatic,SUV,JDM/TZ
BMW,X5,2011,X5 M,4.4L Twin-Turbo V8,FWD,Automatic,SUV,JDM/TZ
BMW,X5,2012,xDrive30d,3.0L Turbo Diesel,AWD/4WD,Automatic,SUV,JDM/TZ
BMW,X5,2012,xDrive40i,3.0L Turbo,AWD/4WD,Automatic,SUV,JDM/TZ
BMW,X5,2012,X5 M,4.4L Twin-Turbo V8,FWD,Automatic,SUV,JDM/TZ
BMW,X5,2013,xDrive30d,3.0L Turbo Diesel,AWD/4WD,Automatic,SUV,JDM/TZ
BMW,X5,2013,xDrive40i,3.0L Turbo,AWD/4WD,Automatic,SUV,JDM/TZ
BMW,X5,2013,X5 M,4.4L Twin-Turbo V8,FWD,Automatic,SUV,JDM/TZ
BMW,X5,2014,xDrive30d,3.0L Turbo Diesel,AWD/4WD,Automatic,SUV,JDM/TZ
BMW,X5,2014,xDrive40i,3.0L Turbo,AWD/4WD,Automatic,SUV,JDM/TZ
BMW,X5,2014,X5 M,4.4L Twin-Turbo V8,FWD,Automatic,SUV,JDM/TZ
BMW,X5,2015,xDrive30d,3.0L Turbo Diesel,AWD/4WD,Automatic,SUV,JDM/TZ
BMW,X5,2015,xDrive40i,3.0L Turbo,AWD/4WD,Automatic,SUV,JDM/TZ
BMW,X5,2015,X5 M,4.4L Twin-Turbo V8,FWD,Automatic,SUV,JDM/TZ
BMW,X5,2016,xDrive30d,3.0L Turbo Diesel,AWD/4WD,Automatic,SUV,JDM/TZ
BMW,X5,2016,xDrive40i,3.0L Turbo,AWD/4WD,Automatic,SUV,JDM/TZ
BMW,X5,2016,X5 M,4.4L Twin-Turbo V8,FWD,Automatic,SUV,JDM/TZ
BMW,X5,2017,xDrive30d,3.0L Turbo Diesel,AWD/4WD,Automatic,SUV,JDM/TZ
BMW,X5,2017,xDrive40i,3.0L Turbo,AWD/4WD,Automatic,SUV,JDM/TZ
BMW,X5,2017,X5 M,4.4L Twin-Turbo V8,FWD,Automatic,SUV,JDM/TZ
BMW,X5,2018,xDrive30d,3.0L Turbo Diesel,AWD/4WD,Automatic,SUV,JDM/TZ
BMW,X5,2018,xDrive40i,3.0L Turbo,AWD/4WD,Automatic,SUV,JDM/TZ
BMW,X5,2018,X5 M,4.4L Twin-Turbo V8,FWD,Automatic,SUV,JDM/TZ
BMW,X5,2019,xDrive30d,3.0L Turbo Diesel,AWD/4WD,Automatic,SUV,JDM/TZ
BMW,X5,2019,xDrive40i,3.0L Turbo,AWD/4WD,Automatic,SUV,JDM/TZ
BMW,X5,2019,X5 M,4.4L Twin-Turbo V8,FWD,Automatic,SUV,JDM/TZ
BMW,X5,2020,xDrive30d,3.0L Turbo Diesel,AWD/4WD,Automatic,SUV,JDM/TZ
BMW,X5,2020,xDrive40i,3.0L Turbo,AWD/4WD,Automatic,SUV,JDM/TZ
BMW,X5,2020,X5 M,4.4L Twin-Turbo V8,FWD,Automatic,SUV,JDM/TZ
BMW,X5,2021,xDrive30d,3.0L Turbo Diesel,AWD/4WD,Automatic,SUV,JDM/TZ
BMW,X5,2021,xDrive40i,3.0L Turbo,AWD/4WD,Automatic,SUV,JDM/TZ
BMW,X5,2021,X5 M,4.4L Twin-Turbo V8,FWD,Automatic,SUV,JDM/TZ
BMW,X5,2022,xDrive30d,3.0L Turbo Diesel,AWD/4WD,Automatic,SUV,JDM/TZ
BMW,X5,2022,xDrive40i,3.0L Turbo,AWD/4WD,Automatic,SUV,JDM/TZ
BMW,X5,2022,X5 M,4.4L Twin-Turbo V8,FWD,Automatic,SUV,JDM/TZ
BMW,X5,2023,xDrive30d,3.0L Turbo Diesel,AWD/4WD,Automatic,SUV,JDM/TZ
BMW,X5,2023,xDrive40i,3.0L Turbo,AWD/4WD,Automatic,SUV,JDM/TZ
BMW,X5,2023,X5 M,4.4L Twin-Turbo V8,FWD,Automatic,SUV,JDM/TZ
BMW,X3,2005,xDrive20d,2.0L Turbo Diesel,AWD/4WD,Automatic,SUV,JDM/TZ
BMW,X3,2005,xDrive30i,2.0L Turbo,AWD/4WD,Automatic,SUV,JDM/TZ
BMW,X3,2006,xDrive20d,2.0L Turbo Diesel,AWD/4WD,Automatic,SUV,JDM/TZ
BMW,X3,2006,xDrive30i,2.0L Turbo,AWD/4WD,Automatic,SUV,JDM/TZ
BMW,X3,2007,xDrive20d,2.0L Turbo Diesel,AWD/4WD,Automatic,SUV,JDM/TZ
BMW,X3,2007,xDrive30i,2.0L Turbo,AWD/4WD,Automatic,SUV,JDM/TZ
BMW,X3,2008,xDrive20d,2.0L Turbo Diesel,AWD/4WD,Automatic,SUV,JDM/TZ
BMW,X3,2008,xDrive30i,2.0L Turbo,AWD/4WD,Automatic,SUV,JDM/TZ
BMW,X3,2009,xDrive20d,2.0L Turbo Diesel,AWD/4WD,Automatic,SUV,JDM/TZ
BMW,X3,2009,xDrive30i,2.0L Turbo,AWD/4WD,Automatic,SUV,JDM/TZ
BMW,X3,2010,xDrive20d,2.0L Turbo Diesel,AWD/4WD,Automatic,SUV,JDM/TZ
BMW,X3,2010,xDrive30i,2.0L Turbo,AWD/4WD,Automatic,SUV,JDM/TZ
BMW,X3,2011,xDrive20d,2.0L Turbo Diesel,AWD/4WD,Automatic,SUV,JDM/TZ
BMW,X3,2011,xDrive30i,2.0L Turbo,AWD/4WD,Automatic,SUV,JDM/TZ
BMW,X3,2012,xDrive20d,2.0L Turbo Diesel,AWD/4WD,Automatic,SUV,JDM/TZ
BMW,X3,2012,xDrive30i,2.0L Turbo,AWD/4WD,Automatic,SUV,JDM/TZ
BMW,X3,2013,xDrive20d,2.0L Turbo Diesel,AWD/4WD,Automatic,SUV,JDM/TZ
BMW,X3,2013,xDrive30i,2.0L Turbo,AWD/4WD,Automatic,SUV,JDM/TZ
BMW,X3,2014,xDrive20d,2.0L Turbo Diesel,AWD/4WD,Automatic,SUV,JDM/TZ
BMW,X3,2014,xDrive30i,2.0L Turbo,AWD/4WD,Automatic,SUV,JDM/TZ
BMW,X3,2015,xDrive20d,2.0L Turbo Diesel,AWD/4WD,Automatic,SUV,JDM/TZ
BMW,X3,2015,xDrive30i,2.0L Turbo,AWD/4WD,Automatic,SUV,JDM/TZ
BMW,X3,2016,xDrive20d,2.0L Turbo Diesel,AWD/4WD,Automatic,SUV,JDM/TZ
BMW,X3,2016,xDrive30i,2.0L Turbo,AWD/4WD,Automatic,SUV,JDM/TZ
BMW,X3,2017,xDrive20d,2.0L Turbo Diesel,AWD/4WD,Automatic,SUV,JDM/TZ
BMW,X3,2017,xDrive30i,2.0L Turbo,AWD/4WD,Automatic,SUV,JDM/TZ
BMW,X3,2018,xDrive20d,2.0L Turbo Diesel,AWD/4WD,Automatic,SUV,JDM/TZ
BMW,X3,2018,xDrive30i,2.0L Turbo,AWD/4WD,Automatic,SUV,JDM/TZ
BMW,X3,2019,xDrive20d,2.0L Turbo Diesel,AWD/4WD,Automatic,SUV,JDM/TZ
BMW,X3,2019,xDrive30i,2.0L Turbo,AWD/4WD,Automatic,SUV,JDM/TZ
BMW,X3,2020,xDrive20d,2.0L Turbo Diesel,AWD/4WD,Automatic,SUV,JDM/TZ
BMW,X3,2020,xDrive30i,2.0L Turbo,AWD/4WD,Automatic,SUV,JDM/TZ
BMW,X3,2021,xDrive20d,2.0L Turbo Diesel,AWD/4WD,Automatic,SUV,JDM/TZ
BMW,X3,2021,xDrive30i,2.0L Turbo,AWD/4WD,Automatic,SUV,JDM/TZ
BMW,X3,2022,xDrive20d,2.0L Turbo Diesel,AWD/4WD,Automatic,SUV,JDM/TZ
BMW,X3,2022,xDrive30i,2.0L Turbo,AWD/4WD,Automatic,SUV,JDM/TZ
BMW,X3,2023,xDrive20d,2.0L Turbo Diesel,AWD/4WD,Automatic,SUV,JDM/TZ
BMW,X3,2023,xDrive30i,2.0L Turbo,AWD/4WD,Automatic,SUV,JDM/TZ
BMW,3 Series,2005,320i,2.0L Turbo,RWD,Automatic,Sedan,JDM/TZ
BMW,3 Series,2005,320d,2.0L Turbo Diesel,RWD,Automatic,Sedan,JDM/TZ
BMW,3 Series,2005,330i,2.0L Turbo,RWD,Automatic,Sedan,JDM/TZ
BMW,3 Series,2006,320i,2.0L Turbo,RWD,Automatic,Sedan,JDM/TZ
BMW,3 Series,2006,320d,2.0L Turbo Diesel,RWD,Automatic,Sedan,JDM/TZ
BMW,3 Series,2006,330i,2.0L Turbo,RWD,Automatic,Sedan,JDM/TZ
BMW,3 Series,2007,320i,2.0L Turbo,RWD,Automatic,Sedan,JDM/TZ
BMW,3 Series,2007,320d,2.0L Turbo Diesel,RWD,Automatic,Sedan,JDM/TZ
BMW,3 Series,2007,330i,2.0L Turbo,RWD,Automatic,Sedan,JDM/TZ
BMW,3 Series,2008,320i,2.0L Turbo,RWD,Automatic,Sedan,JDM/TZ
BMW,3 Series,2008,320d,2.0L Turbo Diesel,RWD,Automatic,Sedan,JDM/TZ
BMW,3 Series,2008,330i,2.0L Turbo,RWD,Automatic,Sedan,JDM/TZ
BMW,3 Series,2009,320i,2.0L Turbo,RWD,Automatic,Sedan,JDM/TZ
BMW,3 Series,2009,320d,2.0L Turbo Diesel,RWD,Automatic,Sedan,JDM/TZ
BMW,3 Series,2009,330i,2.0L Turbo,RWD,Automatic,Sedan,JDM/TZ
BMW,3 Series,2010,320i,2.0L Turbo,RWD,Automatic,Sedan,JDM/TZ
BMW,3 Series,2010,320d,2.0L Turbo Diesel,RWD,Automatic,Sedan,JDM/TZ
BMW,3 Series,2010,330i,2.0L Turbo,RWD,Automatic,Sedan,JDM/TZ
BMW,3 Series,2011,320i,2.0L Turbo,RWD,Automatic,Sedan,JDM/TZ
BMW,3 Series,2011,320d,2.0L Turbo Diesel,RWD,Automatic,Sedan,JDM/TZ
BMW,3 Series,2011,330i,2.0L Turbo,RWD,Automatic,Sedan,JDM/TZ
BMW,3 Series,2012,320i,2.0L Turbo,RWD,Automatic,Sedan,JDM/TZ
BMW,3 Series,2012,320d,2.0L Turbo Diesel,RWD,Automatic,Sedan,JDM/TZ
BMW,3 Series,2012,330i,2.0L Turbo,RWD,Automatic,Sedan,JDM/TZ
BMW,3 Series,2013,320i,2.0L Turbo,RWD,Automatic,Sedan,JDM/TZ
BMW,3 Series,2013,320d,2.0L Turbo Diesel,RWD,Automatic,Sedan,JDM/TZ
BMW,3 Series,2013,330i,2.0L Turbo,RWD,Automatic,Sedan,JDM/TZ
BMW,3 Series,2014,320i,2.0L Turbo,RWD,Automatic,Sedan,JDM/TZ
BMW,3 Series,2014,320d,2.0L Turbo Diesel,RWD,Automatic,Sedan,JDM/TZ
BMW,3 Series,2014,330i,2.0L Turbo,RWD,Automatic,Sedan,JDM/TZ
BMW,3 Series,2015,320i,2.0L Turbo,RWD,Automatic,Sedan,JDM/TZ
BMW,3 Series,2015,320d,2.0L Turbo Diesel,RWD,Automatic,Sedan,JDM/TZ
BMW,3 Series,2015,330i,2.0L Turbo,RWD,Automatic,Sedan,JDM/TZ
BMW,3 Series,2016,320i,2.0L Turbo,RWD,Automatic,Sedan,JDM/TZ
BMW,3 Series,2016,320d,2.0L Turbo Diesel,RWD,Automatic,Sedan,JDM/TZ
BMW,3 Series,2016,330i,2.0L Turbo,RWD,Automatic,Sedan,JDM/TZ
BMW,3 Series,2017,320i,2.0L Turbo,RWD,Automatic,Sedan,JDM/TZ
BMW,3 Series,2017,320d,2.0L Turbo Diesel,RWD,Automatic,Sedan,JDM/TZ
BMW,3 Series,2017,330i,2.0L Turbo,RWD,Automatic,Sedan,JDM/TZ
BMW,3 Series,2018,320i,2.0L Turbo,RWD,Automatic,Sedan,JDM/TZ
BMW,3 Series,2018,320d,2.0L Turbo Diesel,RWD,Automatic,Sedan,JDM/TZ
BMW,3 Series,2018,330i,2.0L Turbo,RWD,Automatic,Sedan,JDM/TZ
BMW,3 Series,2019,320i,2.0L Turbo,RWD,Automatic,Sedan,JDM/TZ
BMW,3 Series,2019,320d,2.0L Turbo Diesel,RWD,Automatic,Sedan,JDM/TZ
BMW,3 Series,2019,330i,2.0L Turbo,RWD,Automatic,Sedan,JDM/TZ
BMW,3 Series,2020,320i,2.0L Turbo,RWD,Automatic,Sedan,JDM/TZ
BMW,3 Series,2020,320d,2.0L Turbo Diesel,RWD,Automatic,Sedan,JDM/TZ
BMW,3 Series,2020,330i,2.0L Turbo,RWD,Automatic,Sedan,JDM/TZ
BMW,3 Series,2021,320i,2.0L Turbo,RWD,Automatic,Sedan,JDM/TZ
BMW,3 Series,2021,320d,2.0L Turbo Diesel,RWD,Automatic,Sedan,JDM/TZ
BMW,3 Series,2021,330i,2.0L Turbo,RWD,Automatic,Sedan,JDM/TZ
BMW,3 Series,2022,320i,2.0L Turbo,RWD,Automatic,Sedan,JDM/TZ
BMW,3 Series,2022,320d,2.0L Turbo Diesel,RWD,Automatic,Sedan,JDM/TZ
BMW,3 Series,2022,330i,2.0L Turbo,RWD,Automatic,Sedan,JDM/TZ
BMW,3 Series,2023,320i,2.0L Turbo,RWD,Automatic,Sedan,JDM/TZ
BMW,3 Series,2023,320d,2.0L Turbo Diesel,RWD,Automatic,Sedan,JDM/TZ
BMW,3 Series,2023,330i,2.0L Turbo,RWD,Automatic,Sedan,JDM/TZ
BMW,5 Series,2005,523i,2.5L I6,RWD,Automatic,Sedan,JDM/TZ
BMW,5 Series,2005,530i,2.0L Turbo,RWD,Automatic,Sedan,JDM/TZ
BMW,5 Series,2005,520d,2.0L Turbo Diesel,RWD,Automatic,Sedan,JDM/TZ
BMW,5 Series,2006,523i,2.5L I6,RWD,Automatic,Sedan,JDM/TZ
BMW,5 Series,2006,530i,2.0L Turbo,RWD,Automatic,Sedan,JDM/TZ
BMW,5 Series,2006,520d,2.0L Turbo Diesel,RWD,Automatic,Sedan,JDM/TZ
BMW,5 Series,2007,523i,2.5L I6,RWD,Automatic,Sedan,JDM/TZ
BMW,5 Series,2007,530i,2.0L Turbo,RWD,Automatic,Sedan,JDM/TZ
BMW,5 Series,2007,520d,2.0L Turbo Diesel,RWD,Automatic,Sedan,JDM/TZ
BMW,5 Series,2008,523i,2.5L I6,RWD,Automatic,Sedan,JDM/TZ
BMW,5 Series,2008,530i,2.0L Turbo,RWD,Automatic,Sedan,JDM/TZ
BMW,5 Series,2008,520d,2.0L Turbo Diesel,RWD,Automatic,Sedan,JDM/TZ
BMW,5 Series,2009,523i,2.5L I6,RWD,Automatic,Sedan,JDM/TZ
BMW,5 Series,2009,530i,2.0L Turbo,RWD,Automatic,Sedan,JDM/TZ
BMW,5 Series,2009,520d,2.0L Turbo Diesel,RWD,Automatic,Sedan,JDM/TZ
BMW,5 Series,2010,523i,2.5L I6,RWD,Automatic,Sedan,JDM/TZ
BMW,5 Series,2010,530i,2.0L Turbo,RWD,Automatic,Sedan,JDM/TZ
BMW,5 Series,2010,520d,2.0L Turbo Diesel,RWD,Automatic,Sedan,JDM/TZ
BMW,5 Series,2011,523i,2.5L I6,RWD,Automatic,Sedan,JDM/TZ
BMW,5 Series,2011,530i,2.0L Turbo,RWD,Automatic,Sedan,JDM/TZ
BMW,5 Series,2011,520d,2.0L Turbo Diesel,RWD,Automatic,Sedan,JDM/TZ
BMW,5 Series,2012,523i,2.5L I6,RWD,Automatic,Sedan,JDM/TZ
BMW,5 Series,2012,530i,2.0L Turbo,RWD,Automatic,Sedan,JDM/TZ
BMW,5 Series,2012,520d,2.0L Turbo Diesel,RWD,Automatic,Sedan,JDM/TZ
BMW,5 Series,2013,523i,2.5L I6,RWD,Automatic,Sedan,JDM/TZ
BMW,5 Series,2013,530i,2.0L Turbo,RWD,Automatic,Sedan,JDM/TZ
BMW,5 Series,2013,520d,2.0L Turbo Diesel,RWD,Automatic,Sedan,JDM/TZ
BMW,5 Series,2014,523i,2.5L I6,RWD,Automatic,Sedan,JDM/TZ
BMW,5 Series,2014,530i,2.0L Turbo,RWD,Automatic,Sedan,JDM/TZ
BMW,5 Series,2014,520d,2.0L Turbo Diesel,RWD,Automatic,Sedan,JDM/TZ
BMW,5 Series,2015,523i,2.5L I6,RWD,Automatic,Sedan,JDM/TZ
BMW,5 Series,2015,530i,2.0L Turbo,RWD,Automatic,Sedan,JDM/TZ
BMW,5 Series,2015,520d,2.0L Turbo Diesel,RWD,Automatic,Sedan,JDM/TZ
BMW,5 Series,2016,523i,2.5L I6,RWD,Automatic,Sedan,JDM/TZ
BMW,5 Series,2016,530i,2.0L Turbo,RWD,Automatic,Sedan,JDM/TZ
BMW,5 Series,2016,520d,2.0L Turbo Diesel,RWD,Automatic,Sedan,JDM/TZ
BMW,5 Series,2017,523i,2.5L I6,RWD,Automatic,Sedan,JDM/TZ
BMW,5 Series,2017,530i,2.0L Turbo,RWD,Automatic,Sedan,JDM/TZ
BMW,5 Series,2017,520d,2.0L Turbo Diesel,RWD,Automatic,Sedan,JDM/TZ
BMW,5 Series,2018,523i,2.5L I6,RWD,Automatic,Sedan,JDM/TZ
BMW,5 Series,2018,530i,2.0L Turbo,RWD,Automatic,Sedan,JDM/TZ
BMW,5 Series,2018,520d,2.0L Turbo Diesel,RWD,Automatic,Sedan,JDM/TZ
BMW,5 Series,2019,523i,2.5L I6,RWD,Automatic,Sedan,JDM/TZ
BMW,5 Series,2019,530i,2.0L Turbo,RWD,Automatic,Sedan,JDM/TZ
BMW,5 Series,2019,520d,2.0L Turbo Diesel,RWD,Automatic,Sedan,JDM/TZ
BMW,5 Series,2020,523i,2.5L I6,RWD,Automatic,Sedan,JDM/TZ
BMW,5 Series,2020,530i,2.0L Turbo,RWD,Automatic,Sedan,JDM/TZ
BMW,5 Series,2020,520d,2.0L Turbo Diesel,RWD,Automatic,Sedan,JDM/TZ
BMW,5 Series,2021,523i,2.5L I6,RWD,Automatic,Sedan,JDM/TZ
BMW,5 Series,2021,530i,2.0L Turbo,RWD,Automatic,Sedan,JDM/TZ
BMW,5 Series,2021,520d,2.0L Turbo Diesel,RWD,Automatic,Sedan,JDM/TZ
BMW,5 Series,2022,523i,2.5L I6,RWD,Automatic,Sedan,JDM/TZ
BMW,5 Series,2022,530i,2.0L Turbo,RWD,Automatic,Sedan,JDM/TZ
BMW,5 Series,2022,520d,2.0L Turbo Diesel,RWD,Automatic,Sedan,JDM/TZ
BMW,5 Series,2023,523i,2.5L I6,RWD,Automatic,Sedan,JDM/TZ
BMW,5 Series,2023,530i,2.0L Turbo,RWD,Automatic,Sedan,JDM/TZ
BMW,5 Series,2023,520d,2.0L Turbo Diesel,RWD,Automatic,Sedan,JDM/TZ
Mercedes-Benz,C-Class,2005,C200,2.0L Turbo,RWD,Automatic,Sedan,JDM/TZ
Mercedes-Benz,C-Class,2005,C250,2.0L Turbo,RWD,Automatic,Sedan,JDM/TZ
Mercedes-Benz,C-Class,2005,C220d,2.1L Turbo Diesel,RWD,Automatic,Sedan,JDM/TZ
Mercedes-Benz,C-Class,2006,C200,2.0L Turbo,RWD,Automatic,Sedan,JDM/TZ
Mercedes-Benz,C-Class,2006,C250,2.0L Turbo,RWD,Automatic,Sedan,JDM/TZ
Mercedes-Benz,C-Class,2006,C220d,2.1L Turbo Diesel,RWD,Automatic,Sedan,JDM/TZ
Mercedes-Benz,C-Class,2007,C200,2.0L Turbo,RWD,Automatic,Sedan,JDM/TZ
Mercedes-Benz,C-Class,2007,C250,2.0L Turbo,RWD,Automatic,Sedan,JDM/TZ
Mercedes-Benz,C-Class,2007,C220d,2.1L Turbo Diesel,RWD,Automatic,Sedan,JDM/TZ
Mercedes-Benz,C-Class,2008,C200,2.0L Turbo,RWD,Automatic,Sedan,JDM/TZ
Mercedes-Benz,C-Class,2008,C250,2.0L Turbo,RWD,Automatic,Sedan,JDM/TZ
Mercedes-Benz,C-Class,2008,C220d,2.1L Turbo Diesel,RWD,Automatic,Sedan,JDM/TZ
Mercedes-Benz,C-Class,2009,C200,2.0L Turbo,RWD,Automatic,Sedan,JDM/TZ
Mercedes-Benz,C-Class,2009,C250,2.0L Turbo,RWD,Automatic,Sedan,JDM/TZ
Mercedes-Benz,C-Class,2009,C220d,2.1L Turbo Diesel,RWD,Automatic,Sedan,JDM/TZ
Mercedes-Benz,C-Class,2010,C200,2.0L Turbo,RWD,Automatic,Sedan,JDM/TZ
Mercedes-Benz,C-Class,2010,C250,2.0L Turbo,RWD,Automatic,Sedan,JDM/TZ
Mercedes-Benz,C-Class,2010,C220d,2.1L Turbo Diesel,RWD,Automatic,Sedan,JDM/TZ
Mercedes-Benz,C-Class,2011,C200,2.0L Turbo,RWD,Automatic,Sedan,JDM/TZ
Mercedes-Benz,C-Class,2011,C250,2.0L Turbo,RWD,Automatic,Sedan,JDM/TZ
Mercedes-Benz,C-Class,2011,C220d,2.1L Turbo Diesel,RWD,Automatic,Sedan,JDM/TZ
Mercedes-Benz,C-Class,2012,C200,2.0L Turbo,RWD,Automatic,Sedan,JDM/TZ
Mercedes-Benz,C-Class,2012,C250,2.0L Turbo,RWD,Automatic,Sedan,JDM/TZ
Mercedes-Benz,C-Class,2012,C220d,2.1L Turbo Diesel,RWD,Automatic,Sedan,JDM/TZ
Mercedes-Benz,C-Class,2013,C200,2.0L Turbo,RWD,Automatic,Sedan,JDM/TZ
Mercedes-Benz,C-Class,2013,C250,2.0L Turbo,RWD,Automatic,Sedan,JDM/TZ
Mercedes-Benz,C-Class,2013,C220d,2.1L Turbo Diesel,RWD,Automatic,Sedan,JDM/TZ
Mercedes-Benz,C-Class,2014,C200,2.0L Turbo,RWD,Automatic,Sedan,JDM/TZ
Mercedes-Benz,C-Class,2014,C250,2.0L Turbo,RWD,Automatic,Sedan,JDM/TZ
Mercedes-Benz,C-Class,2014,C220d,2.1L Turbo Diesel,RWD,Automatic,Sedan,JDM/TZ
Mercedes-Benz,C-Class,2015,C200,2.0L Turbo,RWD,Automatic,Sedan,JDM/TZ
Mercedes-Benz,C-Class,2015,C250,2.0L Turbo,RWD,Automatic,Sedan,JDM/TZ
Mercedes-Benz,C-Class,2015,C220d,2.1L Turbo Diesel,RWD,Automatic,Sedan,JDM/TZ
Mercedes-Benz,C-Class,2016,C200,2.0L Turbo,RWD,Automatic,Sedan,JDM/TZ
Mercedes-Benz,C-Class,2016,C250,2.0L Turbo,RWD,Automatic,Sedan,JDM/TZ
Mercedes-Benz,C-Class,2016,C220d,2.1L Turbo Diesel,RWD,Automatic,Sedan,JDM/TZ
Mercedes-Benz,C-Class,2017,C200,2.0L Turbo,RWD,Automatic,Sedan,JDM/TZ
Mercedes-Benz,C-Class,2017,C250,2.0L Turbo,RWD,Automatic,Sedan,JDM/TZ
Mercedes-Benz,C-Class,2017,C220d,2.1L Turbo Diesel,RWD,Automatic,Sedan,JDM/TZ
Mercedes-Benz,C-Class,2018,C200,2.0L Turbo,RWD,Automatic,Sedan,JDM/TZ
Mercedes-Benz,C-Class,2018,C250,2.0L Turbo,RWD,Automatic,Sedan,JDM/TZ
Mercedes-Benz,C-Class,2018,C220d,2.1L Turbo Diesel,RWD,Automatic,Sedan,JDM/TZ
Mercedes-Benz,C-Class,2019,C200,2.0L Turbo,RWD,Automatic,Sedan,JDM/TZ
Mercedes-Benz,C-Class,2019,C250,2.0L Turbo,RWD,Automatic,Sedan,JDM/TZ
Mercedes-Benz,C-Class,2019,C220d,2.1L Turbo Diesel,RWD,Automatic,Sedan,JDM/TZ
Mercedes-Benz,C-Class,2020,C200,2.0L Turbo,RWD,Automatic,Sedan,JDM/TZ
Mercedes-Benz,C-Class,2020,C250,2.0L Turbo,RWD,Automatic,Sedan,JDM/TZ
Mercedes-Benz,C-Class,2020,C220d,2.1L Turbo Diesel,RWD,Automatic,Sedan,JDM/TZ
Mercedes-Benz,C-Class,2021,C200,2.0L Turbo,RWD,Automatic,Sedan,JDM/TZ
Mercedes-Benz,C-Class,2021,C250,2.0L Turbo,RWD,Automatic,Sedan,JDM/TZ
Mercedes-Benz,C-Class,2021,C220d,2.1L Turbo Diesel,RWD,Automatic,Sedan,JDM/TZ
Mercedes-Benz,C-Class,2022,C200,2.0L Turbo,RWD,Automatic,Sedan,JDM/TZ
Mercedes-Benz,C-Class,2022,C250,2.0L Turbo,RWD,Automatic,Sedan,JDM/TZ
Mercedes-Benz,C-Class,2022,C220d,2.1L Turbo Diesel,RWD,Automatic,Sedan,JDM/TZ
Mercedes-Benz,C-Class,2023,C200,2.0L Turbo,RWD,Automatic,Sedan,JDM/TZ
Mercedes-Benz,C-Class,2023,C250,2.0L Turbo,RWD,Automatic,Sedan,JDM/TZ
Mercedes-Benz,C-Class,2023,C220d,2.1L Turbo Diesel,RWD,Automatic,Sedan,JDM/TZ
Mercedes-Benz,E-Class,2005,E250,2.0L Turbo,RWD,Automatic,Sedan,JDM/TZ
Mercedes-Benz,E-Class,2005,E350,3.5L V6,RWD,Automatic,Sedan,JDM/TZ
Mercedes-Benz,E-Class,2005,E220d,2.0L Turbo Diesel,RWD,Automatic,Sedan,JDM/TZ
Mercedes-Benz,E-Class,2006,E250,2.0L Turbo,RWD,Automatic,Sedan,JDM/TZ
Mercedes-Benz,E-Class,2006,E350,3.5L V6,RWD,Automatic,Sedan,JDM/TZ
Mercedes-Benz,E-Class,2006,E220d,2.0L Turbo Diesel,RWD,Automatic,Sedan,JDM/TZ
Mercedes-Benz,E-Class,2007,E250,2.0L Turbo,RWD,Automatic,Sedan,JDM/TZ
Mercedes-Benz,E-Class,2007,E350,3.5L V6,RWD,Automatic,Sedan,JDM/TZ
Mercedes-Benz,E-Class,2007,E220d,2.0L Turbo Diesel,RWD,Automatic,Sedan,JDM/TZ
Mercedes-Benz,E-Class,2008,E250,2.0L Turbo,RWD,Automatic,Sedan,JDM/TZ
Mercedes-Benz,E-Class,2008,E350,3.5L V6,RWD,Automatic,Sedan,JDM/TZ
Mercedes-Benz,E-Class,2008,E220d,2.0L Turbo Diesel,RWD,Automatic,Sedan,JDM/TZ
Mercedes-Benz,E-Class,2009,E250,2.0L Turbo,RWD,Automatic,Sedan,JDM/TZ
Mercedes-Benz,E-Class,2009,E350,3.5L V6,RWD,Automatic,Sedan,JDM/TZ
Mercedes-Benz,E-Class,2009,E220d,2.0L Turbo Diesel,RWD,Automatic,Sedan,JDM/TZ
Mercedes-Benz,E-Class,2010,E250,2.0L Turbo,RWD,Automatic,Sedan,JDM/TZ
Mercedes-Benz,E-Class,2010,E350,3.5L V6,RWD,Automatic,Sedan,JDM/TZ
Mercedes-Benz,E-Class,2010,E220d,2.0L Turbo Diesel,RWD,Automatic,Sedan,JDM/TZ
Mercedes-Benz,E-Class,2011,E250,2.0L Turbo,RWD,Automatic,Sedan,JDM/TZ
Mercedes-Benz,E-Class,2011,E350,3.5L V6,RWD,Automatic,Sedan,JDM/TZ
Mercedes-Benz,E-Class,2011,E220d,2.0L Turbo Diesel,RWD,Automatic,Sedan,JDM/TZ
Mercedes-Benz,E-Class,2012,E250,2.0L Turbo,RWD,Automatic,Sedan,JDM/TZ
Mercedes-Benz,E-Class,2012,E350,3.5L V6,RWD,Automatic,Sedan,JDM/TZ
Mercedes-Benz,E-Class,2012,E220d,2.0L Turbo Diesel,RWD,Automatic,Sedan,JDM/TZ
Mercedes-Benz,E-Class,2013,E250,2.0L Turbo,RWD,Automatic,Sedan,JDM/TZ
Mercedes-Benz,E-Class,2013,E350,3.5L V6,RWD,Automatic,Sedan,JDM/TZ
Mercedes-Benz,E-Class,2013,E220d,2.0L Turbo Diesel,RWD,Automatic,Sedan,JDM/TZ
Mercedes-Benz,E-Class,2014,E250,2.0L Turbo,RWD,Automatic,Sedan,JDM/TZ
Mercedes-Benz,E-Class,2014,E350,3.5L V6,RWD,Automatic,Sedan,JDM/TZ
Mercedes-Benz,E-Class,2014,E220d,2.0L Turbo Diesel,RWD,Automatic,Sedan,JDM/TZ
Mercedes-Benz,E-Class,2015,E250,2.0L Turbo,RWD,Automatic,Sedan,JDM/TZ
Mercedes-Benz,E-Class,2015,E350,3.5L V6,RWD,Automatic,Sedan,JDM/TZ
Mercedes-Benz,E-Class,2015,E220d,2.0L Turbo Diesel,RWD,Automatic,Sedan,JDM/TZ
Mercedes-Benz,E-Class,2016,E250,2.0L Turbo,RWD,Automatic,Sedan,JDM/TZ
Mercedes-Benz,E-Class,2016,E350,3.5L V6,RWD,Automatic,Sedan,JDM/TZ
Mercedes-Benz,E-Class,2016,E220d,2.0L Turbo Diesel,RWD,Automatic,Sedan,JDM/TZ
Mercedes-Benz,E-Class,2017,E250,2.0L Turbo,RWD,Automatic,Sedan,JDM/TZ
Mercedes-Benz,E-Class,2017,E350,3.5L V6,RWD,Automatic,Sedan,JDM/TZ
Mercedes-Benz,E-Class,2017,E220d,2.0L Turbo Diesel,RWD,Automatic,Sedan,JDM/TZ
Mercedes-Benz,E-Class,2018,E250,2.0L Turbo,RWD,Automatic,Sedan,JDM/TZ
Mercedes-Benz,E-Class,2018,E350,3.5L V6,RWD,Automatic,Sedan,JDM/TZ
Mercedes-Benz,E-Class,2018,E220d,2.0L Turbo Diesel,RWD,Automatic,Sedan,JDM/TZ
Mercedes-Benz,E-Class,2019,E250,2.0L Turbo,RWD,Automatic,Sedan,JDM/TZ
Mercedes-Benz,E-Class,2019,E350,3.5L V6,RWD,Automatic,Sedan,JDM/TZ
Mercedes-Benz,E-Class,2019,E220d,2.0L Turbo Diesel,RWD,Automatic,Sedan,JDM/TZ
Mercedes-Benz,E-Class,2020,E250,2.0L Turbo,RWD,Automatic,Sedan,JDM/TZ
Mercedes-Benz,E-Class,2020,E350,3.5L V6,RWD,Automatic,Sedan,JDM/TZ
Mercedes-Benz,E-Class,2020,E220d,2.0L Turbo Diesel,RWD,Automatic,Sedan,JDM/TZ
Mercedes-Benz,E-Class,2021,E250,2.0L Turbo,RWD,Automatic,Sedan,JDM/TZ
Mercedes-Benz,E-Class,2021,E350,3.5L V6,RWD,Automatic,Sedan,JDM/TZ
Mercedes-Benz,E-Class,2021,E220d,2.0L Turbo Diesel,RWD,Automatic,Sedan,JDM/TZ
Mercedes-Benz,E-Class,2022,E250,2.0L Turbo,RWD,Automatic,Sedan,JDM/TZ
Mercedes-Benz,E-Class,2022,E350,3.5L V6,RWD,Automatic,Sedan,JDM/TZ
Mercedes-Benz,E-Class,2022,E220d,2.0L Turbo Diesel,RWD,Automatic,Sedan,JDM/TZ
Mercedes-Benz,E-Class,2023,E250,2.0L Turbo,RWD,Automatic,Sedan,JDM/TZ
Mercedes-Benz,E-Class,2023,E350,3.5L V6,RWD,Automatic,Sedan,JDM/TZ
Mercedes-Benz,E-Class,2023,E220d,2.0L Turbo Diesel,RWD,Automatic,Sedan,JDM/TZ
Mercedes-Benz,GLE / ML,2005,ML350,3.5L V6,FWD,Automatic,SUV,JDM/TZ
Mercedes-Benz,GLE / ML,2005,GLE350d,3.0L Turbo Diesel V6,FWD,Automatic,SUV,JDM/TZ
Mercedes-Benz,GLE / ML,2005,GLE450,3.0L Turbo,FWD,Automatic,SUV,JDM/TZ
Mercedes-Benz,GLE / ML,2006,ML350,3.5L V6,FWD,Automatic,SUV,JDM/TZ
Mercedes-Benz,GLE / ML,2006,GLE350d,3.0L Turbo Diesel V6,FWD,Automatic,SUV,JDM/TZ
Mercedes-Benz,GLE / ML,2006,GLE450,3.0L Turbo,FWD,Automatic,SUV,JDM/TZ
Mercedes-Benz,GLE / ML,2007,ML350,3.5L V6,FWD,Automatic,SUV,JDM/TZ
Mercedes-Benz,GLE / ML,2007,GLE350d,3.0L Turbo Diesel V6,FWD,Automatic,SUV,JDM/TZ
Mercedes-Benz,GLE / ML,2007,GLE450,3.0L Turbo,FWD,Automatic,SUV,JDM/TZ
Mercedes-Benz,GLE / ML,2008,ML350,3.5L V6,FWD,Automatic,SUV,JDM/TZ
Mercedes-Benz,GLE / ML,2008,GLE350d,3.0L Turbo Diesel V6,FWD,Automatic,SUV,JDM/TZ
Mercedes-Benz,GLE / ML,2008,GLE450,3.0L Turbo,FWD,Automatic,SUV,JDM/TZ
Mercedes-Benz,GLE / ML,2009,ML350,3.5L V6,FWD,Automatic,SUV,JDM/TZ
Mercedes-Benz,GLE / ML,2009,GLE350d,3.0L Turbo Diesel V6,FWD,Automatic,SUV,JDM/TZ
Mercedes-Benz,GLE / ML,2009,GLE450,3.0L Turbo,FWD,Automatic,SUV,JDM/TZ
Mercedes-Benz,GLE / ML,2010,ML350,3.5L V6,FWD,Automatic,SUV,JDM/TZ
Mercedes-Benz,GLE / ML,2010,GLE350d,3.0L Turbo Diesel V6,FWD,Automatic,SUV,JDM/TZ
Mercedes-Benz,GLE / ML,2010,GLE450,3.0L Turbo,FWD,Automatic,SUV,JDM/TZ
Mercedes-Benz,GLE / ML,2011,ML350,3.5L V6,FWD,Automatic,SUV,JDM/TZ
Mercedes-Benz,GLE / ML,2011,GLE350d,3.0L Turbo Diesel V6,FWD,Automatic,SUV,JDM/TZ
Mercedes-Benz,GLE / ML,2011,GLE450,3.0L Turbo,FWD,Automatic,SUV,JDM/TZ
Mercedes-Benz,GLE / ML,2012,ML350,3.5L V6,FWD,Automatic,SUV,JDM/TZ
Mercedes-Benz,GLE / ML,2012,GLE350d,3.0L Turbo Diesel V6,FWD,Automatic,SUV,JDM/TZ
Mercedes-Benz,GLE / ML,2012,GLE450,3.0L Turbo,FWD,Automatic,SUV,JDM/TZ
Mercedes-Benz,GLE / ML,2013,ML350,3.5L V6,FWD,Automatic,SUV,JDM/TZ
Mercedes-Benz,GLE / ML,2013,GLE350d,3.0L Turbo Diesel V6,FWD,Automatic,SUV,JDM/TZ
Mercedes-Benz,GLE / ML,2013,GLE450,3.0L Turbo,FWD,Automatic,SUV,JDM/TZ
Mercedes-Benz,GLE / ML,2014,ML350,3.5L V6,FWD,Automatic,SUV,JDM/TZ
Mercedes-Benz,GLE / ML,2014,GLE350d,3.0L Turbo Diesel V6,FWD,Automatic,SUV,JDM/TZ
Mercedes-Benz,GLE / ML,2014,GLE450,3.0L Turbo,FWD,Automatic,SUV,JDM/TZ
Mercedes-Benz,GLE / ML,2015,ML350,3.5L V6,FWD,Automatic,SUV,JDM/TZ
Mercedes-Benz,GLE / ML,2015,GLE350d,3.0L Turbo Diesel V6,FWD,Automatic,SUV,JDM/TZ
Mercedes-Benz,GLE / ML,2015,GLE450,3.0L Turbo,FWD,Automatic,SUV,JDM/TZ
Mercedes-Benz,GLE / ML,2016,ML350,3.5L V6,FWD,Automatic,SUV,JDM/TZ
Mercedes-Benz,GLE / ML,2016,GLE350d,3.0L Turbo Diesel V6,FWD,Automatic,SUV,JDM/TZ
Mercedes-Benz,GLE / ML,2016,GLE450,3.0L Turbo,FWD,Automatic,SUV,JDM/TZ
Mercedes-Benz,GLE / ML,2017,ML350,3.5L V6,FWD,Automatic,SUV,JDM/TZ
Mercedes-Benz,GLE / ML,2017,GLE350d,3.0L Turbo Diesel V6,FWD,Automatic,SUV,JDM/TZ
Mercedes-Benz,GLE / ML,2017,GLE450,3.0L Turbo,FWD,Automatic,SUV,JDM/TZ
Mercedes-Benz,GLE / ML,2018,ML350,3.5L V6,FWD,Automatic,SUV,JDM/TZ
Mercedes-Benz,GLE / ML,2018,GLE350d,3.0L Turbo Diesel V6,FWD,Automatic,SUV,JDM/TZ
Mercedes-Benz,GLE / ML,2018,GLE450,3.0L Turbo,FWD,Automatic,SUV,JDM/TZ
Mercedes-Benz,GLE / ML,2019,ML350,3.5L V6,FWD,Automatic,SUV,JDM/TZ
Mercedes-Benz,GLE / ML,2019,GLE350d,3.0L Turbo Diesel V6,FWD,Automatic,SUV,JDM/TZ
Mercedes-Benz,GLE / ML,2019,GLE450,3.0L Turbo,FWD,Automatic,SUV,JDM/TZ
Mercedes-Benz,GLE / ML,2020,ML350,3.5L V6,FWD,Automatic,SUV,JDM/TZ
Mercedes-Benz,GLE / ML,2020,GLE350d,3.0L Turbo Diesel V6,FWD,Automatic,SUV,JDM/TZ
Mercedes-Benz,GLE / ML,2020,GLE450,3.0L Turbo,FWD,Automatic,SUV,JDM/TZ
Mercedes-Benz,GLE / ML,2021,ML350,3.5L V6,FWD,Automatic,SUV,JDM/TZ
Mercedes-Benz,GLE / ML,2021,GLE350d,3.0L Turbo Diesel V6,FWD,Automatic,SUV,JDM/TZ
Mercedes-Benz,GLE / ML,2021,GLE450,3.0L Turbo,FWD,Automatic,SUV,JDM/TZ
Mercedes-Benz,GLE / ML,2022,ML350,3.5L V6,FWD,Automatic,SUV,JDM/TZ
Mercedes-Benz,GLE / ML,2022,GLE350d,3.0L Turbo Diesel V6,FWD,Automatic,SUV,JDM/TZ
Mercedes-Benz,GLE / ML,2022,GLE450,3.0L Turbo,FWD,Automatic,SUV,JDM/TZ
Mercedes-Benz,GLE / ML,2023,ML350,3.5L V6,FWD,Automatic,SUV,JDM/TZ
Mercedes-Benz,GLE / ML,2023,GLE350d,3.0L Turbo Diesel V6,FWD,Automatic,SUV,JDM/TZ
Mercedes-Benz,GLE / ML,2023,GLE450,3.0L Turbo,FWD,Automatic,SUV,JDM/TZ
Mercedes-Benz,G-Class,2005,G500,4.0L V8 Twin-Turbo,FWD,Automatic,SUV,JDM/TZ
Mercedes-Benz,G-Class,2005,G63 AMG,5.5L V8 BiTurbo,FWD,Automatic,SUV,JDM/TZ
Mercedes-Benz,G-Class,2006,G500,4.0L V8 Twin-Turbo,FWD,Automatic,SUV,JDM/TZ
Mercedes-Benz,G-Class,2006,G63 AMG,5.5L V8 BiTurbo,FWD,Automatic,SUV,JDM/TZ
Mercedes-Benz,G-Class,2007,G500,4.0L V8 Twin-Turbo,FWD,Automatic,SUV,JDM/TZ
Mercedes-Benz,G-Class,2007,G63 AMG,5.5L V8 BiTurbo,FWD,Automatic,SUV,JDM/TZ
Mercedes-Benz,G-Class,2008,G500,4.0L V8 Twin-Turbo,FWD,Automatic,SUV,JDM/TZ
Mercedes-Benz,G-Class,2008,G63 AMG,5.5L V8 BiTurbo,FWD,Automatic,SUV,JDM/TZ
Mercedes-Benz,G-Class,2009,G500,4.0L V8 Twin-Turbo,FWD,Automatic,SUV,JDM/TZ
Mercedes-Benz,G-Class,2009,G63 AMG,5.5L V8 BiTurbo,FWD,Automatic,SUV,JDM/TZ
Mercedes-Benz,G-Class,2010,G500,4.0L V8 Twin-Turbo,FWD,Automatic,SUV,JDM/TZ
Mercedes-Benz,G-Class,2010,G63 AMG,5.5L V8 BiTurbo,FWD,Automatic,SUV,JDM/TZ
Mercedes-Benz,G-Class,2011,G500,4.0L V8 Twin-Turbo,FWD,Automatic,SUV,JDM/TZ
Mercedes-Benz,G-Class,2011,G63 AMG,5.5L V8 BiTurbo,FWD,Automatic,SUV,JDM/TZ
Mercedes-Benz,G-Class,2012,G500,4.0L V8 Twin-Turbo,FWD,Automatic,SUV,JDM/TZ
Mercedes-Benz,G-Class,2012,G63 AMG,5.5L V8 BiTurbo,FWD,Automatic,SUV,JDM/TZ
Mercedes-Benz,G-Class,2013,G500,4.0L V8 Twin-Turbo,FWD,Automatic,SUV,JDM/TZ
Mercedes-Benz,G-Class,2013,G63 AMG,5.5L V8 BiTurbo,FWD,Automatic,SUV,JDM/TZ
Mercedes-Benz,G-Class,2014,G500,4.0L V8 Twin-Turbo,FWD,Automatic,SUV,JDM/TZ
Mercedes-Benz,G-Class,2014,G63 AMG,5.5L V8 BiTurbo,FWD,Automatic,SUV,JDM/TZ
Mercedes-Benz,G-Class,2015,G500,4.0L V8 Twin-Turbo,FWD,Automatic,SUV,JDM/TZ
Mercedes-Benz,G-Class,2015,G63 AMG,5.5L V8 BiTurbo,FWD,Automatic,SUV,JDM/TZ
Mercedes-Benz,G-Class,2016,G500,4.0L V8 Twin-Turbo,FWD,Automatic,SUV,JDM/TZ
Mercedes-Benz,G-Class,2016,G63 AMG,5.5L V8 BiTurbo,FWD,Automatic,SUV,JDM/TZ
Mercedes-Benz,G-Class,2017,G500,4.0L V8 Twin-Turbo,FWD,Automatic,SUV,JDM/TZ
Mercedes-Benz,G-Class,2017,G63 AMG,5.5L V8 BiTurbo,FWD,Automatic,SUV,JDM/TZ
Mercedes-Benz,G-Class,2018,G500,4.0L V8 Twin-Turbo,FWD,Automatic,SUV,JDM/TZ
Mercedes-Benz,G-Class,2018,G63 AMG,5.5L V8 BiTurbo,FWD,Automatic,SUV,JDM/TZ
Mercedes-Benz,G-Class,2019,G500,4.0L V8 Twin-Turbo,FWD,Automatic,SUV,JDM/TZ
Mercedes-Benz,G-Class,2019,G63 AMG,5.5L V8 BiTurbo,FWD,Automatic,SUV,JDM/TZ
Mercedes-Benz,G-Class,2020,G500,4.0L V8 Twin-Turbo,FWD,Automatic,SUV,JDM/TZ
Mercedes-Benz,G-Class,2020,G63 AMG,5.5L V8 BiTurbo,FWD,Automatic,SUV,JDM/TZ
Mercedes-Benz,G-Class,2021,G500,4.0L V8 Twin-Turbo,FWD,Automatic,SUV,JDM/TZ
Mercedes-Benz,G-Class,2021,G63 AMG,5.5L V8 BiTurbo,FWD,Automatic,SUV,JDM/TZ
Mercedes-Benz,G-Class,2022,G500,4.0L V8 Twin-Turbo,FWD,Automatic,SUV,JDM/TZ
Mercedes-Benz,G-Class,2022,G63 AMG,5.5L V8 BiTurbo,FWD,Automatic,SUV,JDM/TZ
Mercedes-Benz,G-Class,2023,G500,4.0L V8 Twin-Turbo,FWD,Automatic,SUV,JDM/TZ
Mercedes-Benz,G-Class,2023,G63 AMG,5.5L V8 BiTurbo,FWD,Automatic,SUV,JDM/TZ
